Time,Frequency,A0
1,50,258
2,50,237
3,50,219
4,50,206
5,50,196
6,50,189
7,50,184
8,50,180
9,50,178
10,50,175
11,50,0
12,50,0
13,50,0
14,50,0
15,50,0
16,50,0
17,50,0
18,50,0
19,50,0
20,50,0
21,50,257
22,50,233
23,50,216
24,50,203
25,50,195
26,50,187
27,50,183
28,50,179
29,50,177
30,50,175
31,50,0
32,50,0
33,50,0
34,50,0
35,50,0
36,50,0
37,50,0
38,50,0
39,50,0
40,50,0
41,50,256
42,50,232
43,50,216
44,50,203
45,50,194
46,50,188
47,50,183
48,50,179
49,50,176
50,50,175
51,50,0
52,50,0
53,50,0
54,50,0
55,50,0
56,50,0
57,50,0
58,50,0
59,50,0
60,50,0
61,50,254
62,50,231
63,50,215
64,50,203
65,50,194
66,50,187
67,50,182
68,50,179
69,50,176
70,50,175
71,50,0
72,50,0
73,50,0
74,50,0
75,50,0
76,50,0
77,50,0
78,50,0
79,50,0
80,50,0
81,50,253
82,50,230
83,50,214
84,50,202
85,50,194
86,50,187
87,50,182
88,50,179
89,50,176
90,50,175
91,50,0
92,50,0
93,50,0
94,50,0
95,50,0
96,50,0
97,50,0
98,50,0
99,50,0
100,55,280
101,55,257
102,55,234
103,55,217
104,55,204
105,55,0
106,55,0
107,55,0
108,55,0
109,55,0
110,55,0
111,55,0
112,55,0
113,55,0
114,55,273
115,55,244
116,55,225
117,55,210
118,55,199
119,55,192
120,55,186
121,55,182
122,55,179
123,55,0
124,55,0
125,55,0
126,55,0
127,55,0
128,55,0
129,55,0
130,55,0
131,55,0
132,55,277
133,55,248
134,55,227
135,55,212
136,55,201
137,55,192
138,55,186
139,55,182
140,55,178
141,55,187
142,55,0
143,55,0
144,55,0
145,55,0
146,55,0
147,55,0
148,55,0
149,55,0
150,55,0
151,55,253
152,55,230
153,55,215
154,55,202
155,55,194
156,55,187
157,55,182
158,55,179
159,55,176
160,55,0
161,55,0
162,55,0
163,55,0
164,55,0
165,55,0
166,55,0
167,55,0
168,55,0
169,55,258
170,55,234
171,55,216
172,55,205
173,55,195
174,55,188
175,55,183
176,55,179
177,55,176
178,55,0
179,55,0
180,55,0
181,55,0
182,55,0
183,55,0
184,55,0
185,55,0
186,55,0
187,55,263
188,55,238
189,55,219
190,55,206
191,55,197
192,55,189
193,55,183
194,55,179
195,55,177
196,55,0
197,55,0
198,55,0
199,55,0
200,60,264
201,60,244
202,60,223
203,60,208
204,60,199
205,60,190
206,60,184
207,60,181
208,60,177
209,60,175
210,60,174
211,60,172
212,60,171
213,60,170
214,60,170
215,60,170
216,60,170
217,60,0
218,60,0
219,60,0
220,60,0
221,60,0
222,60,0
223,60,0
224,60,0
225,60,265
226,60,240
227,60,220
228,60,207
229,60,196
230,60,189
231,60,184
232,60,180
233,60,0
234,60,0
235,60,0
236,60,0
237,60,0
238,60,0
239,60,0
240,60,0
241,60,0
242,60,256
243,60,233
244,60,215
245,60,203
246,60,193
247,60,187
248,60,182
249,60,178
250,60,0
251,60,0
252,60,0
253,60,0
254,60,0
255,60,0
256,60,0
257,60,0
258,60,274
259,60,246
260,60,225
261,60,210
262,60,199
263,60,192
264,60,186
265,60,182
266,60,178
267,60,0
268,60,0
269,60,0
270,60,0
271,60,0
272,60,0
273,60,0
274,60,0
275,60,264
276,60,238
277,60,219
278,60,206
279,60,196
280,60,189
281,60,184
282,60,180
283,60,0
284,60,0
285,60,0
286,60,0
287,60,0
288,60,0
289,60,0
290,60,0
291,60,0
292,60,254
293,60,231
294,60,214
295,60,202
296,60,193
297,60,187
298,60,182
299,60,179
300,65,206
301,65,197
302,65,189
303,65,183
304,65,179
305,65,176
306,65,174
307,65,173
308,65,0
309,65,0
310,65,0
311,65,0
312,65,0
313,65,0
314,65,0
315,65,0
316,65,260
317,65,236
318,65,218
319,65,205
320,65,195
321,65,188
322,65,183
323,65,179
324,65,0
325,65,0
326,65,0
327,65,0
328,65,0
329,65,0
330,65,0
331,65,272
332,65,245
333,65,224
334,65,209
335,65,199
336,65,191
337,65,185
338,65,181
339,65,0
340,65,0
341,65,0
342,65,0
343,65,0
344,65,0
345,65,0
346,65,0
347,65,253
348,65,230
349,65,214
350,65,202
351,65,193
352,65,187
353,65,183
354,65,0
355,65,0
356,65,0
357,65,0
358,65,0
359,65,0
360,65,0
361,65,0
362,65,263
363,65,238
364,65,219
365,65,206
366,65,196
367,65,189
368,65,184
369,65,180
370,65,0
371,65,0
372,65,0
373,65,0
374,65,0
375,65,0
376,65,0
377,65,275
378,65,246
379,65,226
380,65,210
381,65,199
382,65,191
383,65,185
384,65,181
385,65,0
386,65,0
387,65,0
388,65,0
389,65,0
390,65,0
391,65,0
392,65,0
393,65,256
394,65,232
395,65,215
396,65,203
397,65,194
398,65,187
399,65,182
400,70,190
401,70,185
402,70,181
403,70,178
404,70,176
405,70,174
406,70,0
407,70,0
408,70,0
409,70,0
410,70,0
411,70,0
412,70,0
413,70,272
414,70,243
415,70,224
416,70,209
417,70,198
418,70,191
419,70,185
420,70,189
421,70,0
422,70,0
423,70,0
424,70,0
425,70,0
426,70,0
427,70,0
428,70,249
429,70,227
430,70,212
431,70,200
432,70,192
433,70,186
434,70,182
435,70,0
436,70,0
437,70,0
438,70,0
439,70,0
440,70,0
441,70,0
442,70,255
443,70,232
444,70,215
445,70,202
446,70,193
447,70,187
448,70,182
449,70,0
450,70,0
451,70,0
452,70,0
453,70,0
454,70,0
455,70,0
456,70,261
457,70,236
458,70,218
459,70,205
460,70,195
461,70,188
462,70,183
463,70,0
464,70,0
465,70,0
466,70,0
467,70,0
468,70,0
469,70,0
470,70,267
471,70,241
472,70,222
473,70,207
474,70,197
475,70,190
476,70,184
477,70,0
478,70,0
479,70,0
480,70,0
481,70,0
482,70,0
483,70,0
484,70,274
485,70,246
486,70,225
487,70,210
488,70,200
489,70,191
490,70,185
491,70,189
492,70,0
493,70,0
494,70,0
495,70,0
496,70,0
497,70,0
498,70,0
499,70,250
500,75,234
501,75,221
502,75,207
503,75,197
504,75,0
505,75,0
506,75,0
507,75,0
508,75,0
509,75,0
510,75,0
511,75,246
512,75,225
513,75,210
514,75,200
515,75,192
516,75,185
517,75,0
518,75,0
519,75,0
520,75,0
521,75,0
522,75,0
523,75,0
524,75,254
525,75,231
526,75,214
527,75,202
528,75,193
529,75,187
530,75,0
531,75,0
532,75,0
533,75,0
534,75,0
535,75,0
536,75,0
537,75,263
538,75,237
539,75,220
540,75,206
541,75,195
542,75,188
543,75,183
544,75,0
545,75,0
546,75,0
547,75,0
548,75,0
549,75,0
550,75,273
551,75,244
552,75,224
553,75,209
554,75,199
555,75,191
556,75,185
557,75,0
558,75,0
559,75,0
560,75,0
561,75,0
562,75,0
563,75,0
564,75,252
565,75,229
566,75,214
567,75,201
568,75,193
569,75,187
570,75,0
571,75,0
572,75,0
573,75,0
574,75,0
575,75,0
576,75,0
577,75,260
578,75,236
579,75,217
580,75,204
581,75,195
582,75,188
583,75,183
584,75,0
585,75,0
586,75,0
587,75,0
588,75,0
589,75,0
590,75,271
591,75,243
592,75,223
593,75,208
594,75,197
595,75,190
596,75,184
597,75,0
598,75,0
599,75,0
600,80,259
601,80,239
602,80,220
603,80,206
604,80,197
605,80,189
606,80,0
607,80,0
608,80,0
609,80,0
610,80,0
611,80,0
612,80,262
613,80,236
614,80,218
615,80,205
616,80,195
617,80,188
618,80,0
619,80,0
620,80,0
621,80,0
622,80,0
623,80,0
624,80,0
625,80,246
626,80,225
627,80,209
628,80,199
629,80,191
630,80,185
631,80,0
632,80,0
633,80,0
634,80,0
635,80,0
636,80,0
637,80,257
638,80,233
639,80,216
640,80,203
641,80,194
642,80,187
643,80,0
644,80,0
645,80,0
646,80,0
647,80,0
648,80,0
649,80,269
650,80,243
651,80,223
652,80,208
653,80,198
654,80,190
655,80,185
656,80,0
657,80,0
658,80,0
659,80,0
660,80,0
661,80,0
662,80,252
663,80,229
664,80,213
665,80,201
666,80,193
667,80,186
668,80,0
669,80,0
670,80,0
671,80,0
672,80,0
673,80,0
674,80,264
675,80,238
676,80,219
677,80,206
678,80,195
679,80,188
680,80,0
681,80,0
682,80,0
683,80,0
684,80,0
685,80,0
686,80,0
687,80,248
688,80,227
689,80,211
690,80,200
691,80,192
692,80,186
693,80,0
694,80,0
695,80,0
696,80,0
697,80,0
698,80,0
699,80,258
700,85,240
701,85,225
702,85,210
703,85,199
704,85,191
705,85,0
706,85,0
707,85,0
708,85,0
709,85,0
710,85,0
711,85,249
712,85,227
713,85,212
714,85,200
715,85,192
716,85,190
717,85,0
718,85,0
719,85,0
720,85,0
721,85,0
722,85,268
723,85,241
724,85,221
725,85,207
726,85,196
727,85,190
728,85,0
729,85,0
730,85,0
731,85,0
732,85,0
733,85,0
734,85,257
735,85,233
736,85,215
737,85,203
738,85,194
739,85,188
740,85,0
741,85,0
742,85,0
743,85,0
744,85,0
745,85,0
746,85,247
747,85,226
748,85,210
749,85,199
750,85,191
751,85,0
752,85,0
753,85,0
754,85,0
755,85,0
756,85,0
757,85,266
758,85,239
759,85,220
760,85,206
761,85,196
762,85,189
763,85,0
764,85,0
765,85,0
766,85,0
767,85,0
768,85,0
769,85,255
770,85,232
771,85,215
772,85,202
773,85,193
774,85,187
775,85,0
776,85,0
777,85,0
778,85,0
779,85,0
780,85,0
781,85,245
782,85,225
783,85,210
784,85,199
785,85,191
786,85,0
787,85,0
788,85,0
789,85,0
790,85,0
791,85,0
792,85,264
793,85,237
794,85,219
795,85,205
796,85,196
797,85,188
798,85,0
799,85,0
800,90,249
801,90,0
802,90,0
803,90,0
804,90,0
805,90,0
806,90,0
807,90,253
808,90,230
809,90,214
810,90,202
811,90,193
812,90,0
813,90,0
814,90,0
815,90,0
816,90,0
817,90,0
818,90,248
819,90,226
820,90,211
821,90,200
822,90,192
823,90,0
824,90,0
825,90,0
826,90,0
827,90,0
828,90,0
829,90,248
830,90,227
831,90,211
832,90,200
833,90,192
834,90,0
835,90,0
836,90,0
837,90,0
838,90,0
839,90,0
840,90,249
841,90,226
842,90,211
843,90,200
844,90,192
845,90,0
846,90,0
847,90,0
848,90,0
849,90,0
850,90,0
851,90,249
852,90,227
853,90,211
854,90,200
855,90,192
856,90,0
857,90,0
858,90,0
859,90,0
860,90,0
861,90,0
862,90,248
863,90,226
864,90,211
865,90,200
866,90,191
867,90,0
868,90,0
869,90,0
870,90,0
871,90,0
872,90,0
873,90,249
874,90,227
875,90,211
876,90,200
877,90,192
878,90,0
879,90,0
880,90,0
881,90,0
882,90,0
883,90,0
884,90,249
885,90,228
886,90,212
887,90,200
888,90,192
889,90,0
890,90,0
891,90,0
892,90,0
893,90,0
894,90,0
895,90,249
896,90,227
897,90,211
898,90,200
899,90,192
900,95,205
901,95,197
902,95,0
903,95,0
904,95,0
905,95,0
906,95,0
907,95,252
908,95,229
909,95,213
910,95,201
911,95,193
912,95,0
913,95,0
914,95,0
915,95,0
916,95,0
917,95,265
918,95,239
919,95,220
920,95,206
921,95,196
922,95,189
923,95,0
924,95,0
925,95,0
926,95,0
927,95,0
928,95,251
929,95,228
930,95,213
931,95,200
932,95,192
933,95,0
934,95,0
935,95,0
936,95,0
937,95,0
938,95,265
939,95,239
940,95,220
941,95,206
942,95,196
943,95,188
944,95,0
945,95,0
946,95,0
947,95,0
948,95,0
949,95,250
950,95,228
951,95,212
952,95,201
953,95,192
954,95,0
955,95,0
956,95,0
957,95,0
958,95,0
959,95,264
960,95,238
961,95,219
962,95,206
963,95,196
964,95,189
965,95,0
966,95,0
967,95,0
968,95,0
969,95,0
970,95,251
971,95,228
972,95,212
973,95,201
974,95,192
975,95,0
976,95,0
977,95,0
978,95,0
979,95,0
980,95,264
981,95,238
982,95,219
983,95,206
984,95,196
985,95,189
986,95,0
987,95,0
988,95,0
989,95,0
990,95,0
991,95,250
992,95,228
993,95,212
994,95,200
995,95,192
996,95,0
997,95,0
998,95,0
999,95,0
1000,100,267
1001,100,246
1002,100,224
1003,100,0
1004,100,0
1005,100,0
1006,100,0
1007,100,0
1008,100,253
1009,100,229
1010,100,213
1011,100,201
1012,100,192
1013,100,0
1014,100,0
1015,100,0
1016,100,0
1017,100,0
1018,100,249
1019,100,227
1020,100,212
1021,100,200
1022,100,192
1023,100,0
1024,100,0
1025,100,0
1026,100,0
1027,100,0
1028,100,247
1029,100,226
1030,100,210
1031,100,199
1032,100,191
1033,100,0
1034,100,0
1035,100,0
1036,100,0
1037,100,0
1038,100,248
1039,100,226
1040,100,210
1041,100,199
1042,100,191
1043,100,0
1044,100,0
1045,100,0
1046,100,0
1047,100,0
1048,100,246
1049,100,225
1050,100,210
1051,100,200
1052,100,191
1053,100,0
1054,100,0
1055,100,0
1056,100,0
1057,100,0
1058,100,247
1059,100,224
1060,100,209
1061,100,199
1062,100,191
1063,100,0
1064,100,0
1065,100,0
1066,100,0
1067,100,0
1068,100,246
1069,100,225
1070,100,210
1071,100,199
1072,100,191
1073,100,0
1074,100,0
1075,100,0
1076,100,0
1077,100,0
1078,100,245
1079,100,224
1080,100,209
1081,100,198
1082,100,190
1083,100,0
1084,100,0
1085,100,0
1086,100,0
1087,100,0
1088,100,245
1089,100,224
1090,100,209
1091,100,199
1092,100,190
1093,100,0
1094,100,0
1095,100,0
1096,100,0
1097,100,0
1098,100,244
1099,100,223
1100,105,217
1101,105,207
1102,105,197
1103,105,189
1104,105,184
1105,105,180
1106,105,177
1107,105,174
1108,105,173
1109,105,172
1110,105,171
1111,105,170
1112,105,170
1113,105,169
1114,105,169
1115,105,169
1116,105,169
1117,105,0
1118,105,0
1119,105,0
1120,105,0
1121,105,0
1122,105,245
1123,105,224
1124,105,208
1125,105,197
1126,105,191
1127,105,0
1128,105,0
1129,105,0
1130,105,0
1131,105,261
1132,105,236
1133,105,217
1134,105,205
1135,105,195
1136,105,0
1137,105,0
1138,105,0
1139,105,0
1140,105,0
1141,105,247
1142,105,225
1143,105,210
1144,105,199
1145,105,200
1146,105,0
1147,105,0
1148,105,0
1149,105,0
1150,105,260
1151,105,235
1152,105,217
1153,105,204
1154,105,195
1155,105,0
1156,105,0
1157,105,0
1158,105,0
1159,105,0
1160,105,246
1161,105,224
1162,105,209
1163,105,198
1164,105,0
1165,105,0
1166,105,0
1167,105,0
1168,105,0
1169,105,258
1170,105,234
1171,105,216
1172,105,203
1173,105,194
1174,105,0
1175,105,0
1176,105,0
1177,105,0
1178,105,0
1179,105,244
1180,105,223
1181,105,208
1182,105,198
1183,105,0
1184,105,0
1185,105,0
1186,105,0
1187,105,0
1188,105,258
1189,105,233
1190,105,215
1191,105,202
1192,105,194
1193,105,0
1194,105,0
1195,105,0
1196,105,0
1197,105,0
1198,105,243
1199,105,223
1200,110,216
1201,110,206
1202,110,0
1203,110,0
1204,110,0
1205,110,0
1206,110,259
1207,110,235
1208,110,216
1209,110,204
1210,110,194
1211,110,0
1212,110,0
1213,110,0
1214,110,0
1215,110,259
1216,110,234
1217,110,217
1218,110,204
1219,110,194
1220,110,0
1221,110,0
1222,110,0
1223,110,0
1224,110,263
1225,110,237
1226,110,218
1227,110,205
1228,110,195
1229,110,0
1230,110,0
1231,110,0
1232,110,0
1233,110,265
1234,110,239
1235,110,220
1236,110,206
1237,110,196
1238,110,0
1239,110,0
1240,110,0
1241,110,0
1242,110,0
1243,110,241
1244,110,220
1245,110,207
1246,110,196
1247,110,0
1248,110,0
1249,110,0
1250,110,0
1251,110,0
1252,110,243
1253,110,223
1254,110,208
1255,110,198
1256,110,0
1257,110,0
1258,110,0
1259,110,0
1260,110,0
1261,110,245
1262,110,223
1263,110,209
1264,110,198
1265,110,0
1266,110,0
1267,110,0
1268,110,0
1269,110,0
1270,110,247
1271,110,226
1272,110,210
1273,110,199
1274,110,0
1275,110,0
1276,110,0
1277,110,0
1278,110,0
1279,110,249
1280,110,227
1281,110,211
1282,110,200
1283,110,0
1284,110,0
1285,110,0
1286,110,0
1287,110,0
1288,110,252
1289,110,229
1290,110,212
1291,110,201
1292,110,200
1293,110,0
1294,110,0
1295,110,0
1296,110,0
1297,110,254
1298,110,230
1299,110,214
1300,115,210
1301,115,202
1302,115,192
1303,115,0
1304,115,0
1305,115,0
1306,115,0
1307,115,254
1308,115,230
1309,115,213
1310,115,201
1311,115,0
1312,115,0
1313,115,0
1314,115,0
1315,115,0
1316,115,243
1317,115,223
1318,115,208
1319,115,198
1320,115,0
1321,115,0
1322,115,0
1323,115,0
1324,115,258
1325,115,233
1326,115,215
1327,115,203
1328,115,201
1329,115,0
1330,115,0
1331,115,0
1332,115,0
1333,115,247
1334,115,225
1335,115,210
1336,115,199
1337,115,0
1338,115,0
1339,115,0
1340,115,0
1341,115,263
1342,115,237
1343,115,218
1344,115,204
1345,115,195
1346,115,0
1347,115,0
1348,115,0
1349,115,0
1350,115,251
1351,115,228
1352,115,212
1353,115,201
1354,115,0
1355,115,0
1356,115,0
1357,115,0
1358,115,0
1359,115,240
1360,115,221
1361,115,207
1362,115,197
1363,115,0
1364,115,0
1365,115,0
1366,115,0
1367,115,255
1368,115,231
1369,115,215
1370,115,202
1371,115,0
1372,115,0
1373,115,0
1374,115,0
1375,115,0
1376,115,243
1377,115,223
1378,115,208
1379,115,198
1380,115,0
1381,115,0
1382,115,0
1383,115,0
1384,115,259
1385,115,234
1386,115,217
1387,115,204
1388,115,194
1389,115,0
1390,115,0
1391,115,0
1392,115,0
1393,115,247
1394,115,226
1395,115,210
1396,115,199
1397,115,0
1398,115,0
1399,115,0
1400,120,260
1401,120,0
1402,120,0
1403,120,0
1404,120,0
1405,120,273
1406,120,244
1407,120,224
1408,120,209
1409,120,199
1410,120,0
1411,120,0
1412,120,0
1413,120,0
1414,120,244
1415,120,224
1416,120,208
1417,120,198
1418,120,0
1419,120,0
1420,120,0
1421,120,0
1422,120,253
1423,120,229
1424,120,212
1425,120,201
1426,120,0
1427,120,0
1428,120,0
1429,120,0
1430,120,261
1431,120,235
1432,120,217
1433,120,204
1434,120,202
1435,120,0
1436,120,0
1437,120,0
1438,120,0
1439,120,244
1440,120,223
1441,120,208
1442,120,197
1443,120,0
1444,120,0
1445,120,0
1446,120,0
1447,120,251
1448,120,228
1449,120,212
1450,120,200
1451,120,0
1452,120,0
1453,120,0
1454,120,0
1455,120,260
1456,120,235
1457,120,216
1458,120,204
1459,120,0
1460,120,0
1461,120,0
1462,120,0
1463,120,0
1464,120,242
1465,120,221
1466,120,208
1467,120,197
1468,120,0
1469,120,0
1470,120,0
1471,120,0
1472,120,250
1473,120,228
1474,120,212
1475,120,200
1476,120,0
1477,120,0
1478,120,0
1479,120,0
1480,120,258
1481,120,233
1482,120,216
1483,120,203
1484,120,0
1485,120,0
1486,120,0
1487,120,0
1488,120,0
1489,120,241
1490,120,222
1491,120,207
1492,120,196
1493,120,0
1494,120,0
1495,120,0
1496,120,0
1497,120,249
1498,120,226
1499,120,211
1500,125,208
1501,125,200
1502,125,191
1503,125,185
1504,125,0
1505,125,0
1506,125,0
1507,125,0
1508,125,248
1509,125,225
1510,125,210
1511,125,199
1512,125,0
1513,125,0
1514,125,0
1515,125,0
1516,125,250
1517,125,227
1518,125,212
1519,125,200
1520,125,0
1521,125,0
1522,125,0
1523,125,0
1524,125,250
1525,125,227
1526,125,211
1527,125,200
1528,125,0
1529,125,0
1530,125,0
1531,125,0
1532,125,250
1533,125,228
1534,125,212
1535,125,200
1536,125,0
1537,125,0
1538,125,0
1539,125,0
1540,125,251
1541,125,228
1542,125,211
1543,125,200
1544,125,0
1545,125,0
1546,125,0
1547,125,0
1548,125,250
1549,125,228
1550,125,212
1551,125,201
1552,125,0
1553,125,0
1554,125,0
1555,125,0
1556,125,251
1557,125,228
1558,125,211
1559,125,200
1560,125,0
1561,125,0
1562,125,0
1563,125,0
1564,125,250
1565,125,227
1566,125,212
1567,125,201
1568,125,0
1569,125,0
1570,125,0
1571,125,0
1572,125,251
1573,125,228
1574,125,212
1575,125,201
1576,125,0
1577,125,0
1578,125,0
1579,125,0
1580,125,250
1581,125,227
1582,125,211
1583,125,200
1584,125,0
1585,125,0
1586,125,0
1587,125,0
1588,125,251
1589,125,228
1590,125,212
1591,125,200
1592,125,0
1593,125,0
1594,125,0
1595,125,0
1596,125,250
1597,125,228
1598,125,212
1599,125,200
1600,130,218
1601,130,208
1602,130,196
1603,130,0
1604,130,0
1605,130,0
1606,130,261
1607,130,236
1608,130,217
1609,130,204
1610,130,0
1611,130,0
1612,130,0
1613,130,0
1614,130,252
1615,130,229
1616,130,212
1617,130,201
1618,130,0
1619,130,0
1620,130,0
1621,130,0
1622,130,244
1623,130,223
1624,130,208
1625,130,198
1626,130,0
1627,130,0
1628,130,0
1629,130,263
1630,130,237
1631,130,218
1632,130,205
1633,130,0
1634,130,0
1635,130,0
1636,130,0
1637,130,254
1638,130,230
1639,130,213
1640,130,201
1641,130,0
1642,130,0
1643,130,0
1644,130,0
1645,130,245
1646,130,224
1647,130,209
1648,130,198
1649,130,0
1650,130,0
1651,130,0
1652,130,0
1653,130,238
1654,130,219
1655,130,205
1656,130,0
1657,130,0
1658,130,0
1659,130,0
1660,130,254
1661,130,230
1662,130,213
1663,130,202
1664,130,0
1665,130,0
1666,130,0
1667,130,0
1668,130,246
1669,130,225
1670,130,210
1671,130,199
1672,130,0
1673,130,0
1674,130,0
1675,130,0
1676,130,238
1677,130,219
1678,130,205
1679,130,0
1680,130,0
1681,130,0
1682,130,0
1683,130,256
1684,130,232
1685,130,215
1686,130,202
1687,130,0
1688,130,0
1689,130,0
1690,130,0
1691,130,247
1692,130,225
1693,130,209
1694,130,198
1695,130,0
1696,130,0
1697,130,0
1698,130,0
1699,130,239
1700,135,227
1701,135,214
1702,135,0
1703,135,0
1704,135,0
1705,135,262
1706,135,235
1707,135,217
1708,135,204
1709,135,0
1710,135,0
1711,135,0
1712,135,0
1713,135,241
1714,135,222
1715,135,207
1716,135,0
1717,135,0
1718,135,0
1719,135,0
1720,135,252
1721,135,229
1722,135,213
1723,135,201
1724,135,0
1725,135,0
1726,135,0
1727,135,0
1728,135,236
1729,135,218
1730,135,204
1731,135,0
1732,135,0
1733,135,0
1734,135,0
1735,135,247
1736,135,225
1737,135,210
1738,135,199
1739,135,0
1740,135,0
1741,135,0
1742,135,257
1743,135,232
1744,135,215
1745,135,202
1746,135,0
1747,135,0
1748,135,0
1749,135,0
1750,135,242
1751,135,221
1752,135,208
1753,135,0
1754,135,0
1755,135,0
1756,135,0
1757,135,251
1758,135,228
1759,135,211
1760,135,200
1761,135,0
1762,135,0
1763,135,0
1764,135,262
1765,135,237
1766,135,217
1767,135,204
1768,135,0
1769,135,0
1770,135,0
1771,135,0
1772,135,245
1773,135,224
1774,135,209
1775,135,199
1776,135,0
1777,135,0
1778,135,0
1779,135,256
1780,135,232
1781,135,214
1782,135,202
1783,135,0
1784,135,0
1785,135,0
1786,135,0
1787,135,240
1788,135,221
1789,135,207
1790,135,0
1791,135,0
1792,135,0
1793,135,0
1794,135,249
1795,135,227
1796,135,211
1797,135,199
1798,135,0
1799,135,0
1800,140,256
1801,140,237
1802,140,218
1803,140,205
1804,140,0
1805,140,0
1806,140,0
1807,140,0
1808,140,242
1809,140,221
1810,140,207
1811,140,0
1812,140,0
1813,140,0
1814,140,0
1815,140,245
1816,140,225
1817,140,210
1818,140,0
1819,140,0
1820,140,0
1821,140,0
1822,140,249
1823,140,227
1824,140,211
1825,140,199
1826,140,0
1827,140,0
1828,140,0
1829,140,252
1830,140,229
1831,140,212
1832,140,201
1833,140,0
1834,140,0
1835,140,0
1836,140,257
1837,140,232
1838,140,215
1839,140,203
1840,140,0
1841,140,0
1842,140,0
1843,140,260
1844,140,236
1845,140,217
1846,140,204
1847,140,0
1848,140,0
1849,140,0
1850,140,0
1851,140,239
1852,140,220
1853,140,206
1854,140,0
1855,140,0
1856,140,0
1857,140,0
1858,140,241
1859,140,221
1860,140,206
1861,140,0
1862,140,0
1863,140,0
1864,140,0
1865,140,244
1866,140,223
1867,140,208
1868,140,0
1869,140,0
1870,140,0
1871,140,0
1872,140,248
1873,140,226
1874,140,211
1875,140,199
1876,140,0
1877,140,0
1878,140,0
1879,140,252
1880,140,228
1881,140,211
1882,140,200
1883,140,0
1884,140,0
1885,140,0
1886,140,256
1887,140,232
1888,140,214
1889,140,202
1890,140,0
1891,140,0
1892,140,0
1893,140,259
1894,140,233
1895,140,216
1896,140,203
1897,140,0
1898,140,0
1899,140,0
1900,145,262
1901,145,242
1902,145,222
1903,145,0
1904,145,0
1905,145,0
1906,145,261
1907,145,235
1908,145,217
1909,145,204
1910,145,0
1911,145,0
1912,145,0
1913,145,253
1914,145,230
1915,145,213
1916,145,201
1917,145,0
1918,145,0
1919,145,0
1920,145,250
1921,145,227
1922,145,211
1923,145,205
1924,145,0
1925,145,0
1926,145,0
1927,145,246
1928,145,225
1929,145,209
1930,145,0
1931,145,0
1932,145,0
1933,145,0
1934,145,244
1935,145,223
1936,145,208
1937,145,0
1938,145,0
1939,145,0
1940,145,0
1941,145,240
1942,145,221
1943,145,206
1944,145,0
1945,145,0
1946,145,0
1947,145,0
1948,145,238
1949,145,218
1950,145,206
1951,145,0
1952,145,0
1953,145,0
1954,145,0
1955,145,236
1956,145,217
1957,145,204
1958,145,0
1959,145,0
1960,145,0
1961,145,257
1962,145,233
1963,145,215
1964,145,202
1965,145,0
1966,145,0
1967,145,0
1968,145,255
1969,145,230
1970,145,214
1971,145,202
1972,145,0
1973,145,0
1974,145,0
1975,145,250
1976,145,228
1977,145,212
1978,145,200
1979,145,0
1980,145,0
1981,145,0
1982,145,247
1983,145,225
1984,145,210
1985,145,0
1986,145,0
1987,145,0
1988,145,0
1989,145,245
1990,145,223
1991,145,208
1992,145,0
1993,145,0
1994,145,0
1995,145,0
1996,145,241
1997,145,221
1998,145,207
1999,145,0
2000,150,238
2001,150,222
2002,150,207
2003,150,0
2004,150,0
2005,150,0
2006,150,0
2007,150,241
2008,150,221
2009,150,206
2010,150,0
2011,150,0
2012,150,0
2013,150,260
2014,150,234
2015,150,216
2016,150,203
2017,150,0
2018,150,0
2019,150,0
2020,150,250
2021,150,227
2022,150,211
2023,150,0
2024,150,0
2025,150,0
2026,150,0
2027,150,241
2028,150,222
2029,150,206
2030,150,0
2031,150,0
2032,150,0
2033,150,260
2034,150,234
2035,150,216
2036,150,203
2037,150,0
2038,150,0
2039,150,0
2040,150,249
2041,150,226
2042,150,210
2043,150,0
2044,150,0
2045,150,0
2046,150,0
2047,150,240
2048,150,220
2049,150,207
2050,150,0
2051,150,0
2052,150,0
2053,150,258
2054,150,234
2055,150,215
2056,150,203
2057,150,0
2058,150,0
2059,150,0
2060,150,249
2061,150,227
2062,150,210
2063,150,0
2064,150,0
2065,150,0
2066,150,0
2067,150,240
2068,150,220
2069,150,206
2070,150,0
2071,150,0
2072,150,0
2073,150,257
2074,150,232
2075,150,215
2076,150,202
2077,150,0
2078,150,0
2079,150,0
2080,150,247
2081,150,225
2082,150,210
2083,150,0
2084,150,0
2085,150,0
2086,150,0
2087,150,239
2088,150,220
2089,150,206
2090,150,0
2091,150,0
2092,150,0
2093,150,256
2094,150,232
2095,150,214
2096,150,202
2097,150,0
2098,150,0
2099,150,0
2100,155,251
2101,155,233
2102,155,215
2103,155,206
2104,155,0
2105,155,0
2106,155,0
2107,155,240
2108,155,220
2109,155,206
2110,155,0
2111,155,0
2112,155,0
2113,155,251
2114,155,228
2115,155,212
2116,155,0
2117,155,0
2118,155,0
2119,155,0
2120,155,237
2121,155,219
2122,155,205
2123,155,0
2124,155,0
2125,155,0
2126,155,247
2127,155,225
2128,155,210
2129,155,0
2130,155,0
2131,155,0
2132,155,260
2133,155,234
2134,155,216
2135,155,203
2136,155,0
2137,155,0
2138,155,0
2139,155,244
2140,155,223
2141,155,208
2142,155,0
2143,155,0
2144,155,0
2145,155,255
2146,155,231
2147,155,213
2148,155,201
2149,155,0
2150,155,0
2151,155,0
2152,155,241
2153,155,221
2154,155,206
2155,155,0
2156,155,0
2157,155,0
2158,155,252
2159,155,228
2160,155,212
2161,155,0
2162,155,0
2163,155,0
2164,155,0
2165,155,237
2166,155,218
2167,155,205
2168,155,0
2169,155,0
2170,155,0
2171,155,248
2172,155,226
2173,155,210
2174,155,0
2175,155,0
2176,155,0
2177,155,0
2178,155,234
2179,155,216
2180,155,203
2181,155,0
2182,155,0
2183,155,0
2184,155,245
2185,155,224
2186,155,209
2187,155,0
2188,155,0
2189,155,0
2190,155,256
2191,155,231
2192,155,215
2193,155,202
2194,155,0
2195,155,0
2196,155,0
2197,155,241
2198,155,221
2199,155,207
2200,160,222
2201,160,211
2202,160,199
2203,160,0
2204,160,0
2205,160,0
2206,160,248
2207,160,225
2208,160,209
2209,160,0
2210,160,0
2211,160,0
2212,160,257
2213,160,232
2214,160,214
2215,160,203
2216,160,0
2217,160,0
2218,160,0
2219,160,238
2220,160,219
2221,160,206
2222,160,0
2223,160,0
2224,160,0
2225,160,243
2226,160,223
2227,160,207
2228,160,0
2229,160,0
2230,160,0
2231,160,249
2232,160,227
2233,160,211
2234,160,0
2235,160,0
2236,160,0
2237,160,257
2238,160,232
2239,160,215
2240,160,206
2241,160,0
2242,160,0
2243,160,0
2244,160,236
2245,160,218
2246,160,204
2247,160,0
2248,160,0
2249,160,0
2250,160,242
2251,160,222
2252,160,207
2253,160,0
2254,160,0
2255,160,0
2256,160,248
2257,160,226
2258,160,210
2259,160,0
2260,160,0
2261,160,0
2262,160,255
2263,160,230
2264,160,214
2265,160,0
2266,160,0
2267,160,0
2268,160,0
2269,160,236
2270,160,217
2271,160,204
2272,160,0
2273,160,0
2274,160,0
2275,160,241
2276,160,221
2277,160,207
2278,160,0
2279,160,0
2280,160,0
2281,160,247
2282,160,226
2283,160,210
2284,160,0
2285,160,0
2286,160,0
2287,160,254
2288,160,230
2289,160,213
2290,160,0
2291,160,0
2292,160,0
2293,160,0
2294,160,234
2295,160,217
2296,160,204
2297,160,0
2298,160,0
2299,160,0
2300,165,245
2301,165,228
2302,165,213
2303,165,0
2304,165,0
2305,165,0
2306,165,256
2307,165,231
2308,165,214
2309,165,0
2310,165,0
2311,165,0
2312,165,257
2313,165,232
2314,165,214
2315,165,206
2316,165,0
2317,165,0
2318,165,0
2319,165,234
2320,165,216
2321,165,206
2322,165,0
2323,165,0
2324,165,0
2325,165,234
2326,165,216
2327,165,203
2328,165,0
2329,165,0
2330,165,0
2331,165,236
2332,165,217
2333,165,204
2334,165,0
2335,165,0
2336,165,0
2337,165,237
2338,165,218
2339,165,204
2340,165,0
2341,165,0
2342,165,0
2343,165,238
2344,165,218
2345,165,205
2346,165,0
2347,165,0
2348,165,0
2349,165,239
2350,165,220
2351,165,205
2352,165,0
2353,165,0
2354,165,0
2355,165,240
2356,165,221
2357,165,207
2358,165,0
2359,165,0
2360,165,0
2361,165,241
2362,165,220
2363,165,207
2364,165,0
2365,165,0
2366,165,0
2367,165,243
2368,165,222
2369,165,207
2370,165,0
2371,165,0
2372,165,0
2373,165,244
2374,165,222
2375,165,208
2376,165,0
2377,165,0
2378,165,0
2379,165,245
2380,165,223
2381,165,209
2382,165,0
2383,165,0
2384,165,0
2385,165,247
2386,165,225
2387,165,209
2388,165,0
2389,165,0
2390,165,0
2391,165,247
2392,165,225
2393,165,210
2394,165,0
2395,165,0
2396,165,0
2397,165,249
2398,165,226
2399,165,210
2400,170,220
2401,170,208
2402,170,197
2403,170,0
2404,170,0
2405,170,0
2406,170,240
2407,170,220
2408,170,205
2409,170,0
2410,170,0
2411,170,0
2412,170,239
2413,170,219
2414,170,205
2415,170,0
2416,170,0
2417,170,0
2418,170,237
2419,170,218
2420,170,204
2421,170,0
2422,170,0
2423,170,0
2424,170,233
2425,170,215
2426,170,0
2427,170,0
2428,170,0
2429,170,253
2430,170,230
2431,170,213
2432,170,0
2433,170,0
2434,170,0
2435,170,251
2436,170,228
2437,170,212
2438,170,0
2439,170,0
2440,170,0
2441,170,246
2442,170,224
2443,170,209
2444,170,0
2445,170,0
2446,170,0
2447,170,242
2448,170,222
2449,170,207
2450,170,0
2451,170,0
2452,170,0
2453,170,240
2454,170,220
2455,170,206
2456,170,0
2457,170,0
2458,170,0
2459,170,235
2460,170,217
2461,170,204
2462,170,0
2463,170,0
2464,170,0
2465,170,233
2466,170,215
2467,170,0
2468,170,0
2469,170,0
2470,170,254
2471,170,230
2472,170,213
2473,170,0
2474,170,0
2475,170,0
2476,170,250
2477,170,226
2478,170,211
2479,170,0
2480,170,0
2481,170,0
2482,170,246
2483,170,224
2484,170,209
2485,170,0
2486,170,0
2487,170,0
2488,170,243
2489,170,222
2490,170,207
2491,170,0
2492,170,0
2493,170,0
2494,170,239
2495,170,220
2496,170,206
2497,170,0
2498,170,0
2499,170,0
2500,175,241
2501,175,225
2502,175,210
2503,175,0
2504,175,0
2505,175,0
2506,175,234
2507,175,216
2508,175,0
2509,175,0
2510,175,0
2511,175,249
2512,175,227
2513,175,211
2514,175,0
2515,175,0
2516,175,0
2517,175,243
2518,175,222
2519,175,208
2520,175,0
2521,175,0
2522,175,0
2523,175,235
2524,175,217
2525,175,0
2526,175,0
2527,175,0
2528,175,252
2529,175,229
2530,175,212
2531,175,0
2532,175,0
2533,175,0
2534,175,244
2535,175,223
2536,175,208
2537,175,0
2538,175,0
2539,175,0
2540,175,237
2541,175,218
2542,175,205
2543,175,0
2544,175,0
2545,175,256
2546,175,230
2547,175,213
2548,175,0
2549,175,0
2550,175,0
2551,175,247
2552,175,225
2553,175,209
2554,175,0
2555,175,0
2556,175,0
2557,175,239
2558,175,219
2559,175,205
2560,175,0
2561,175,0
2562,175,0
2563,175,232
2564,175,215
2565,175,0
2566,175,0
2567,175,0
2568,175,249
2569,175,227
2570,175,211
2571,175,0
2572,175,0
2573,175,0
2574,175,242
2575,175,221
2576,175,207
2577,175,0
2578,175,0
2579,175,0
2580,175,234
2581,175,216
2582,175,0
2583,175,0
2584,175,0
2585,175,251
2586,175,228
2587,175,212
2588,175,0
2589,175,0
2590,175,0
2591,175,243
2592,175,222
2593,175,207
2594,175,0
2595,175,0
2596,175,0
2597,175,236
2598,175,217
2599,175,207
2600,180,235
2601,180,220
2602,180,205
2603,180,0
2604,180,0
2605,180,0
2606,180,242
2607,180,221
2608,180,207
2609,180,0
2610,180,0
2611,180,0
2612,180,233
2613,180,215
2614,180,0
2615,180,0
2616,180,0
2617,180,247
2618,180,225
2619,180,209
2620,180,0
2621,180,0
2622,180,0
2623,180,235
2624,180,217
2625,180,0
2626,180,0
2627,180,0
2628,180,248
2629,180,226
2630,180,210
2631,180,0
2632,180,0
2633,180,0
2634,180,237
2635,180,219
2636,180,208
2637,180,0
2638,180,0
2639,180,251
2640,180,227
2641,180,211
2642,180,0
2643,180,0
2644,180,0
2645,180,239
2646,180,219
2647,180,205
2648,180,0
2649,180,0
2650,180,253
2651,180,229
2652,180,213
2653,180,0
2654,180,0
2655,180,0
2656,180,240
2657,180,220
2658,180,206
2659,180,0
2660,180,0
2661,180,254
2662,180,230
2663,180,213
2664,180,0
2665,180,0
2666,180,0
2667,180,242
2668,180,222
2669,180,207
2670,180,0
2671,180,0
2672,180,258
2673,180,232
2674,180,214
2675,180,0
2676,180,0
2677,180,0
2678,180,244
2679,180,223
2680,180,208
2681,180,0
2682,180,0
2683,180,0
2684,180,233
2685,180,216
2686,180,0
2687,180,0
2688,180,0
2689,180,245
2690,180,224
2691,180,208
2692,180,0
2693,180,0
2694,180,0
2695,180,234
2696,180,216
2697,180,0
2698,180,0
2699,180,0
2700,185,252
2701,185,233
2702,185,0
2703,185,0
2704,185,0
2705,185,249
2706,185,226
2707,185,210
2708,185,0
2709,185,0
2710,185,255
2711,185,230
2712,185,213
2713,185,0
2714,185,0
2715,185,0
2716,185,239
2717,185,220
2718,185,209
2719,185,0
2720,185,0
2721,185,248
2722,185,226
2723,185,210
2724,185,0
2725,185,0
2726,185,0
2727,185,232
2728,185,215
2729,185,0
2730,185,0
2731,185,0
2732,185,242
2733,185,221
2734,185,207
2735,185,0
2736,185,0
2737,185,252
2738,185,229
2739,185,211
2740,185,0
2741,185,0
2742,185,0
2743,185,235
2744,185,217
2745,185,0
2746,185,0
2747,185,0
2748,185,244
2749,185,223
2750,185,209
2751,185,0
2752,185,0
2753,185,256
2754,185,230
2755,185,214
2756,185,0
2757,185,0
2758,185,0
2759,185,238
2760,185,219
2761,185,207
2762,185,0
2763,185,0
2764,185,247
2765,185,225
2766,185,210
2767,185,0
2768,185,0
2769,185,0
2770,185,233
2771,185,216
2772,185,0
2773,185,0
2774,185,0
2775,185,241
2776,185,221
2777,185,207
2778,185,0
2779,185,0
2780,185,251
2781,185,228
2782,185,212
2783,185,0
2784,185,0
2785,185,0
2786,185,236
2787,185,217
2788,185,0
2789,185,0
2790,185,0
2791,185,244
2792,185,223
2793,185,208
2794,185,0
2795,185,0
2796,185,255
2797,185,230
2798,185,213
2799,185,0
2800,190,242
2801,190,225
2802,190,0
2803,190,0
2804,190,0
2805,190,245
2806,190,223
2807,190,208
2808,190,0
2809,190,0
2810,190,250
2811,190,227
2812,190,211
2813,190,0
2814,190,0
2815,190,0
2816,190,232
2817,190,215
2818,190,0
2819,190,0
2820,190,0
2821,190,238
2822,190,218
2823,190,0
2824,190,0
2825,190,0
2826,190,243
2827,190,222
2828,190,208
2829,190,0
2830,190,0
2831,190,249
2832,190,227
2833,190,210
2834,190,0
2835,190,0
2836,190,0
2837,190,232
2838,190,215
2839,190,0
2840,190,0
2841,190,0
2842,190,237
2843,190,218
2844,190,0
2845,190,0
2846,190,0
2847,190,243
2848,190,222
2849,190,208
2850,190,0
2851,190,0
2852,190,250
2853,190,227
2854,190,211
2855,190,0
2856,190,0
2857,190,0
2858,190,232
2859,190,214
2860,190,0
2861,190,0
2862,190,0
2863,190,236
2864,190,217
2865,190,0
2866,190,0
2867,190,0
2868,190,243
2869,190,222
2870,190,208
2871,190,0
2872,190,0
2873,190,249
2874,190,226
2875,190,210
2876,190,0
2877,190,0
2878,190,0
2879,190,231
2880,190,213
2881,190,0
2882,190,0
2883,190,0
2884,190,237
2885,190,218
2886,190,0
2887,190,0
2888,190,0
2889,190,242
2890,190,222
2891,190,207
2892,190,0
2893,190,0
2894,190,249
2895,190,226
2896,190,210
2897,190,0
2898,190,0
2899,190,0
2900,195,237
2901,195,222
2902,195,0
2903,195,0
2904,195,257
2905,195,232
2906,195,214
2907,195,0
2908,195,0
2909,195,0
2910,195,232
2911,195,214
2912,195,0
2913,195,0
2914,195,0
2915,195,234
2916,195,216
2917,195,0
2918,195,0
2919,195,0
2920,195,237
2921,195,218
2922,195,0
2923,195,0
2924,195,0
2925,195,239
2926,195,219
2927,195,0
2928,195,0
2929,195,0
2930,195,242
2931,195,222
2932,195,207
2933,195,0
2934,195,0
2935,195,245
2936,195,224
2937,195,209
2938,195,0
2939,195,0
2940,195,248
2941,195,226
2942,195,210
2943,195,0
2944,195,0
2945,195,251
2946,195,228
2947,195,211
2948,195,0
2949,195,0
2950,195,256
2951,195,231
2952,195,214
2953,195,0
2954,195,0
2955,195,0
2956,195,233
2957,195,216
2958,195,0
2959,195,0
2960,195,0
2961,195,235
2962,195,217
2963,195,0
2964,195,0
2965,195,0
2966,195,239
2967,195,219
2968,195,0
2969,195,0
2970,195,0
2971,195,242
2972,195,222
2973,195,211
2974,195,0
2975,195,0
2976,195,244
2977,195,223
2978,195,208
2979,195,0
2980,195,0
2981,195,247
2982,195,225
2983,195,210
2984,195,0
2985,195,0
2986,195,251
2987,195,227
2988,195,211
2989,195,0
2990,195,0
2991,195,254
2992,195,229
2993,195,213
2994,195,0
2995,195,0
2996,195,0
2997,195,232
2998,195,214
2999,195,0
3000,200,243
3001,200,226
3002,200,0
3003,200,0
3004,200,259
3005,200,233
3006,200,215
3007,200,0
3008,200,0
3009,200,255
3010,200,230
3011,200,213
3012,200,0
3013,200,0
3014,200,254
3015,200,229
3016,200,213
3017,200,0
3018,200,0
3019,200,254
3020,200,230
3021,200,213
3022,200,0
3023,200,0
3024,200,253
3025,200,229
3026,200,212
3027,200,0
3028,200,0
3029,200,253
3030,200,228
3031,200,212
3032,200,0
3033,200,0
3034,200,253
3035,200,229
3036,200,213
3037,200,0
3038,200,0
3039,200,253
3040,200,228
3041,200,212
3042,200,0
3043,200,0
3044,200,252
3045,200,228
3046,200,212
3047,200,0
3048,200,0
3049,200,252
3050,200,229
3051,200,212
3052,200,0
3053,200,0
3054,200,252
3055,200,228
3056,200,212
3057,200,0
3058,200,0
3059,200,251
3060,200,228
3061,200,212
3062,200,0
3063,200,0
3064,200,251
3065,200,228
3066,200,212
3067,200,0
3068,200,0
3069,200,252
3070,200,228
3071,200,212
3072,200,0
3073,200,0
3074,200,251
3075,200,227
3076,200,211
3077,200,0
3078,200,0
3079,200,250
3080,200,227
3081,200,211
3082,200,0
3083,200,0
3084,200,251
3085,200,228
3086,200,211
3087,200,0
3088,200,0
3089,200,250
3090,200,227
3091,200,211
3092,200,0
3093,200,0
3094,200,250
3095,200,227
3096,200,211
3097,200,0
3098,200,0
3099,200,250
3100,205,233
3101,205,219
3102,205,205
3103,205,0
3104,205,0
3105,205,0
3106,205,228
3107,205,212
3108,205,0
3109,205,0
3110,205,251
3111,205,228
3112,205,211
3113,205,0
3114,205,0
3115,205,248
3116,205,226
3117,205,210
3118,205,0
3119,205,0
3120,205,245
3121,205,223
3122,205,209
3123,205,0
3124,205,0
3125,205,241
3126,205,220
3127,205,0
3128,205,0
3129,205,0
3130,205,238
3131,205,218
3132,205,0
3133,205,0
3134,205,0
3135,205,235
3136,205,217
3137,205,0
3138,205,0
3139,205,0
3140,205,232
3141,205,214
3142,205,0
3143,205,0
3144,205,253
3145,205,229
3146,205,212
3147,205,0
3148,205,0
3149,205,249
3150,205,227
3151,205,211
3152,205,0
3153,205,0
3154,205,246
3155,205,224
3156,205,209
3157,205,0
3158,205,0
3159,205,242
3160,205,222
3161,205,0
3162,205,0
3163,205,0
3164,205,239
3165,205,219
3166,205,0
3167,205,0
3168,205,0
3169,205,236
3170,205,217
3171,205,0
3172,205,0
3173,205,0
3174,205,233
3175,205,215
3176,205,0
3177,205,0
3178,205,0
3179,205,230
3180,205,213
3181,205,0
3182,205,0
3183,205,251
3184,205,227
3185,205,212
3186,205,0
3187,205,0
3188,205,247
3189,205,225
3190,205,209
3191,205,0
3192,205,0
3193,205,243
3194,205,222
3195,205,211
3196,205,0
3197,205,0
3198,205,240
3199,205,220
3200,210,218
3201,210,207
3202,210,0
3203,210,0
3204,210,0
3205,210,230
3206,210,213
3207,210,0
3208,210,0
3209,210,250
3210,210,227
3211,210,210
3212,210,0
3213,210,0
3214,210,243
3215,210,223
3216,210,212
3217,210,0
3218,210,0
3219,210,238
3220,210,218
3221,210,0
3222,210,0
3223,210,0
3224,210,232
3225,210,214
3226,210,0
3227,210,0
3228,210,249
3229,210,226
3230,210,210
3231,210,0
3232,210,0
3233,210,243
3234,210,222
3235,210,0
3236,210,0
3237,210,0
3238,210,237
3239,210,217
3240,210,0
3241,210,0
3242,210,0
3243,210,231
3244,210,214
3245,210,0
3246,210,0
3247,210,248
3248,210,225
3249,210,210
3250,210,0
3251,210,0
3252,210,242
3253,210,222
3254,210,0
3255,210,0
3256,210,0
3257,210,235
3258,210,216
3259,210,0
3260,210,0
3261,210,0
3262,210,229
3263,210,213
3264,210,0
3265,210,0
3266,210,247
3267,210,225
3268,210,209
3269,210,0
3270,210,0
3271,210,240
3272,210,221
3273,210,0
3274,210,0
3275,210,0
3276,210,233
3277,210,216
3278,210,0
3279,210,0
3280,210,253
3281,210,228
3282,210,212
3283,210,0
3284,210,0
3285,210,245
3286,210,224
3287,210,213
3288,210,0
3289,210,0
3290,210,238
3291,210,219
3292,210,0
3293,210,0
3294,210,0
3295,210,232
3296,210,215
3297,210,0
3298,210,0
3299,210,251
3300,215,233
3301,215,219
3302,215,0
3303,215,0
3304,215,0
3305,215,231
3306,215,214
3307,215,0
3308,215,0
3309,215,245
3310,215,224
3311,215,211
3312,215,0
3313,215,0
3314,215,236
3315,215,218
3316,215,0
3317,215,0
3318,215,254
3319,215,230
3320,215,212
3321,215,0
3322,215,0
3323,215,243
3324,215,222
3325,215,0
3326,215,0
3327,215,0
3328,215,234
3329,215,216
3330,215,0
3331,215,0
3332,215,251
3333,215,228
3334,215,211
3335,215,0
3336,215,0
3337,215,242
3338,215,221
3339,215,0
3340,215,0
3341,215,0
3342,215,232
3343,215,215
3344,215,0
3345,215,0
3346,215,248
3347,215,225
3348,215,210
3349,215,0
3350,215,0
3351,215,240
3352,215,220
3353,215,0
3354,215,0
3355,215,0
3356,215,231
3357,215,214
3358,215,0
3359,215,0
3360,215,246
3361,215,224
3362,215,211
3363,215,0
3364,215,0
3365,215,237
3366,215,218
3367,215,0
3368,215,0
3369,215,0
3370,215,231
3371,215,213
3372,215,0
3373,215,0
3374,215,244
3375,215,223
3376,215,0
3377,215,0
3378,215,0
3379,215,235
3380,215,217
3381,215,0
3382,215,0
3383,215,252
3384,215,228
3385,215,212
3386,215,0
3387,215,0
3388,215,243
3389,215,221
3390,215,0
3391,215,0
3392,215,0
3393,215,233
3394,215,216
3395,215,0
3396,215,0
3397,215,249
3398,215,227
3399,215,211
3400,220,235
3401,220,0
3402,220,0
3403,220,258
3404,220,233
3405,220,216
3406,220,0
3407,220,0
3408,220,241
3409,220,221
3410,220,0
3411,220,0
3412,220,0
3413,220,230
3414,220,213
3415,220,0
3416,220,0
3417,220,242
3418,220,222
3419,220,0
3420,220,0
3421,220,0
3422,220,232
3423,220,214
3424,220,0
3425,220,0
3426,220,244
3427,220,223
3428,220,0
3429,220,0
3430,220,0
3431,220,233
3432,220,216
3433,220,0
3434,220,0
3435,220,247
3436,220,225
3437,220,213
3438,220,0
3439,220,0
3440,220,236
3441,220,217
3442,220,0
3443,220,0
3444,220,248
3445,220,226
3446,220,210
3447,220,0
3448,220,0
3449,220,238
3450,220,219
3451,220,0
3452,220,0
3453,220,252
3454,220,228
3455,220,211
3456,220,0
3457,220,0
3458,220,240
3459,220,219
3460,220,0
3461,220,0
3462,220,0
3463,220,229
3464,220,212
3465,220,0
3466,220,0
3467,220,242
3468,220,221
3469,220,0
3470,220,0
3471,220,0
3472,220,232
3473,220,214
3474,220,0
3475,220,0
3476,220,243
3477,220,223
3478,220,0
3479,220,0
3480,220,0
3481,220,233
3482,220,215
3483,220,0
3484,220,0
3485,220,247
3486,220,225
3487,220,213
3488,220,0
3489,220,0
3490,220,235
3491,220,217
3492,220,0
3493,220,0
3494,220,249
3495,220,225
3496,220,210
3497,220,0
3498,220,0
3499,220,237
3500,225,225
3501,225,213
3502,225,0
3503,225,0
3504,225,241
3505,225,221
3506,225,0
3507,225,0
3508,225,0
3509,225,228
3510,225,212
3511,225,0
3512,225,0
3513,225,237
3514,225,218
3515,225,0
3516,225,0
3517,225,248
3518,225,225
3519,225,214
3520,225,0
3521,225,0
3522,225,233
3523,225,215
3524,225,0
3525,225,0
3526,225,243
3527,225,222
3528,225,0
3529,225,0
3530,225,0
3531,225,230
3532,225,213
3533,225,0
3534,225,0
3535,225,239
3536,225,219
3537,225,0
3538,225,0
3539,225,250
3540,225,227
3541,225,210
3542,225,0
3543,225,0
3544,225,235
3545,225,217
3546,225,0
3547,225,0
3548,225,245
3549,225,224
3550,225,0
3551,225,0
3552,225,0
3553,225,232
3554,225,214
3555,225,0
3556,225,0
3557,225,241
3558,225,220
3559,225,0
3560,225,0
3561,225,252
3562,225,229
3563,225,211
3564,225,0
3565,225,0
3566,225,238
3567,225,219
3568,225,0
3569,225,0
3570,225,248
3571,225,225
3572,225,214
3573,225,0
3574,225,0
3575,225,233
3576,225,215
3577,225,0
3578,225,0
3579,225,243
3580,225,222
3581,225,0
3582,225,0
3583,225,0
3584,225,231
3585,225,213
3586,225,0
3587,225,0
3588,225,240
3589,225,219
3590,225,0
3591,225,0
3592,225,250
3593,225,227
3594,225,211
3595,225,0
3596,225,0
3597,225,235
3598,225,217
3599,225,0
3600,230,246
3601,230,0
3602,230,0
3603,230,0
3604,230,236
3605,230,218
3606,230,0
3607,230,0
3608,230,238
3609,230,218
3610,230,0
3611,230,0
3612,230,244
3613,230,224
3614,230,0
3615,230,0
3616,230,0
3617,230,229
3618,230,212
3619,230,0
3620,230,0
3621,230,236
3622,230,217
3623,230,0
3624,230,0
3625,230,243
3626,230,222
3627,230,0
3628,230,0
3629,230,252
3630,230,228
3631,230,212
3632,230,0
3633,230,0
3634,230,235
3635,230,216
3636,230,0
3637,230,0
3638,230,243
3639,230,222
3640,230,0
3641,230,0
3642,230,250
3643,230,227
3644,230,211
3645,230,0
3646,230,0
3647,230,234
3648,230,216
3649,230,0
3650,230,0
3651,230,242
3652,230,221
3653,230,0
3654,230,0
3655,230,250
3656,230,227
3657,230,211
3658,230,0
3659,230,0
3660,230,233
3661,230,216
3662,230,0
3663,230,0
3664,230,240
3665,230,220
3666,230,0
3667,230,0
3668,230,249
3669,230,226
3670,230,214
3671,230,0
3672,230,0
3673,230,232
3674,230,215
3675,230,0
3676,230,0
3677,230,239
3678,230,220
3679,230,0
3680,230,0
3681,230,247
3682,230,226
3683,230,0
3684,230,0
3685,230,0
3686,230,232
3687,230,214
3688,230,0
3689,230,0
3690,230,238
3691,230,219
3692,230,0
3693,230,0
3694,230,246
3695,230,224
3696,230,0
3697,230,0
3698,230,0
3699,230,231
3700,235,221
3701,235,210
3702,235,0
3703,235,0
3704,235,244
3705,235,222
3706,235,0
3707,235,0
3708,235,0
3709,235,228
3710,235,211
3711,235,0
3712,235,0
3713,235,233
3714,235,216
3715,235,0
3716,235,0
3717,235,240
3718,235,220
3719,235,0
3720,235,0
3721,235,245
3722,235,223
3723,235,0
3724,235,0
3725,235,251
3726,235,227
3727,235,211
3728,235,0
3729,235,0
3730,235,232
3731,235,214
3732,235,0
3733,235,0
3734,235,237
3735,235,218
3736,235,0
3737,235,0
3738,235,242
3739,235,221
3740,235,0
3741,235,0
3742,235,248
3743,235,225
3744,235,0
3745,235,0
3746,235,0
3747,235,230
3748,235,213
3749,235,0
3750,235,0
3751,235,235
3752,235,216
3753,235,0
3754,235,0
3755,235,240
3756,235,220
3757,235,0
3758,235,0
3759,235,246
3760,235,223
3761,235,0
3762,235,0
3763,235,252
3764,235,227
3765,235,211
3766,235,0
3767,235,0
3768,235,233
3769,235,215
3770,235,0
3771,235,0
3772,235,238
3773,235,218
3774,235,0
3775,235,0
3776,235,243
3777,235,221
3778,235,0
3779,235,0
3780,235,249
3781,235,226
3782,235,213
3783,235,0
3784,235,0
3785,235,230
3786,235,213
3787,235,0
3788,235,0
3789,235,235
3790,235,217
3791,235,0
3792,235,0
3793,235,240
3794,235,220
3795,235,0
3796,235,0
3797,235,245
3798,235,224
3799,235,0
3800,240,241
3801,240,225
3802,240,209
3803,240,0
3804,240,0
3805,240,231
3806,240,214
3807,240,0
3808,240,0
3809,240,235
3810,240,217
3811,240,0
3812,240,0
3813,240,239
3814,240,220
3815,240,0
3816,240,0
3817,240,244
3818,240,222
3819,240,0
3820,240,0
3821,240,248
3822,240,225
3823,240,0
3824,240,0
3825,240,0
3826,240,228
3827,240,211
3828,240,0
3829,240,0
3830,240,231
3831,240,214
3832,240,0
3833,240,0
3834,240,236
3835,240,217
3836,240,0
3837,240,0
3838,240,239
3839,240,219
3840,240,0
3841,240,0
3842,240,242
3843,240,221
3844,240,0
3845,240,0
3846,240,246
3847,240,225
3848,240,0
3849,240,0
3850,240,252
3851,240,228
3852,240,211
3853,240,0
3854,240,0
3855,240,231
3856,240,213
3857,240,0
3858,240,0
3859,240,233
3860,240,215
3861,240,0
3862,240,0
3863,240,238
3864,240,219
3865,240,0
3866,240,0
3867,240,242
3868,240,221
3869,240,0
3870,240,0
3871,240,246
3872,240,224
3873,240,0
3874,240,0
3875,240,250
3876,240,226
3877,240,214
3878,240,0
3879,240,0
3880,240,230
3881,240,213
3882,240,0
3883,240,0
3884,240,234
3885,240,216
3886,240,0
3887,240,0
3888,240,238
3889,240,218
3890,240,0
3891,240,0
3892,240,240
3893,240,220
3894,240,0
3895,240,0
3896,240,245
3897,240,223
3898,240,0
3899,240,0
3900,245,251
3901,245,233
3902,245,218
3903,245,0
3904,245,0
3905,245,230
3906,245,213
3907,245,0
3908,245,0
3909,245,230
3910,245,213
3911,245,0
3912,245,0
3913,245,232
3914,245,215
3915,245,0
3916,245,0
3917,245,235
3918,245,217
3919,245,0
3920,245,0
3921,245,236
3922,245,217
3923,245,0
3924,245,0
3925,245,237
3926,245,218
3927,245,0
3928,245,0
3929,245,239
3930,245,219
3931,245,0
3932,245,0
3933,245,242
3934,245,221
3935,245,0
3936,245,0
3937,245,244
3938,245,222
3939,245,0
3940,245,0
3941,245,246
3942,245,224
3943,245,0
3944,245,0
3945,245,247
3946,245,224
3947,245,0
3948,245,0
3949,245,250
3950,245,227
3951,245,0
3952,245,0
3953,245,0
3954,245,229
3955,245,213
3956,245,0
3957,245,0
3958,245,229
3959,245,212
3960,245,0
3961,245,0
3962,245,232
3963,245,214
3964,245,0
3965,245,0
3966,245,233
3967,245,215
3968,245,0
3969,245,0
3970,245,235
3971,245,217
3972,245,0
3973,245,0
3974,245,236
3975,245,218
3976,245,0
3977,245,0
3978,245,238
3979,245,218
3980,245,0
3981,245,0
3982,245,241
3983,245,220
3984,245,0
3985,245,0
3986,245,243
3987,245,222
3988,245,0
3989,245,0
3990,245,245
3991,245,222
3992,245,0
3993,245,0
3994,245,246
3995,245,225
3996,245,0
3997,245,0
3998,245,249
3999,245,226
4000,250,218
4001,250,0
4002,250,0
4003,250,245
4004,250,224
4005,250,0
4006,250,0
4007,250,245
4008,250,223
4009,250,0
4010,250,0
4011,250,245
4012,250,224
4013,250,0
4014,250,0
4015,250,246
4016,250,224
4017,250,0
4018,250,0
4019,250,246
4020,250,225
4021,250,0
4022,250,0
4023,250,246
4024,250,224
4025,250,0
4026,250,0
4027,250,245
4028,250,224
4029,250,0
4030,250,0
4031,250,247
4032,250,224
4033,250,0
4034,250,0
4035,250,246
4036,250,224
4037,250,0
4038,250,0
4039,250,246
4040,250,224
4041,250,0
4042,250,0
4043,250,245
4044,250,224
4045,250,0
4046,250,0
4047,250,246
4048,250,224
4049,250,0
4050,250,0
4051,250,246
4052,250,224
4053,250,0
4054,250,0
4055,250,246
4056,250,224
4057,250,0
4058,250,0
4059,250,246
4060,250,224
4061,250,0
4062,250,0
4063,250,245
4064,250,224
4065,250,0
4066,250,0
4067,250,247
4068,250,224
4069,250,0
4070,250,0
4071,250,246
4072,250,224
4073,250,0
4074,250,0
4075,250,245
4076,250,224
4077,250,0
4078,250,0
4079,250,245
4080,250,223
4081,250,0
4082,250,0
4083,250,246
4084,250,224
4085,250,0
4086,250,0
4087,250,246
4088,250,225
4089,250,0
4090,250,0
4091,250,246
4092,250,224
4093,250,0
4094,250,0
4095,250,246
4096,250,224
4097,250,0
4098,250,0
4099,250,246
4100,255,230
4101,255,0
4102,255,0
4103,255,239
4104,255,219
4105,255,0
4106,255,0
4107,255,233
4108,255,214
4109,255,0
4110,255,0
4111,255,230
4112,255,213
4113,255,0
4114,255,0
4115,255,228
4116,255,0
4117,255,0
4118,255,250
4119,255,226
4120,255,0
4121,255,0
4122,255,248
4123,255,224
4124,255,0
4125,255,0
4126,255,244
4127,255,223
4128,255,0
4129,255,0
4130,255,243
4131,255,222
4132,255,0
4133,255,0
4134,255,241
4135,255,221
4136,255,0
4137,255,0
4138,255,239
4139,255,220
4140,255,0
4141,255,0
4142,255,237
4143,255,217
4144,255,0
4145,255,0
4146,255,235
4147,255,217
4148,255,0
4149,255,0
4150,255,234
4151,255,216
4152,255,0
4153,255,0
4154,255,232
4155,255,214
4156,255,0
4157,255,0
4158,255,230
4159,255,213
4160,255,0
4161,255,0
4162,255,229
4163,255,216
4164,255,0
4165,255,0
4166,255,227
4167,255,0
4168,255,0
4169,255,248
4170,255,225
4171,255,0
4172,255,0
4173,255,246
4174,255,224
4175,255,0
4176,255,0
4177,255,243
4178,255,223
4179,255,0
4180,255,0
4181,255,242
4182,255,221
4183,255,0
4184,255,0
4185,255,240
4186,255,220
4187,255,0
4188,255,0
4189,255,238
4190,255,218
4191,255,0
4192,255,0
4193,255,236
4194,255,217
4195,255,0
4196,255,0
4197,255,234
4198,255,216
4199,255,0
4200,260,249
4201,260,231
4202,260,213
4203,260,0
4204,260,0
4205,260,229
4206,260,213
4207,260,0
4208,260,251
4209,260,227
4210,260,0
4211,260,0
4212,260,246
4213,260,224
4214,260,0
4215,260,0
4216,260,241
4217,260,221
4218,260,0
4219,260,0
4220,260,238
4221,260,218
4222,260,0
4223,260,0
4224,260,234
4225,260,215
4226,260,0
4227,260,0
4228,260,231
4229,260,214
4230,260,0
4231,260,0
4232,260,228
4233,260,0
4234,260,0
4235,260,247
4236,260,224
4237,260,0
4238,260,0
4239,260,243
4240,260,221
4241,260,0
4242,260,0
4243,260,238
4244,260,219
4245,260,0
4246,260,0
4247,260,235
4248,260,217
4249,260,0
4250,260,0
4251,260,232
4252,260,214
4253,260,0
4254,260,0
4255,260,228
4256,260,0
4257,260,0
4258,260,248
4259,260,225
4260,260,0
4261,260,0
4262,260,243
4263,260,222
4264,260,0
4265,260,0
4266,260,240
4267,260,219
4268,260,0
4269,260,0
4270,260,236
4271,260,217
4272,260,0
4273,260,0
4274,260,232
4275,260,214
4276,260,0
4277,260,0
4278,260,229
4279,260,215
4280,260,0
4281,260,249
4282,260,226
4283,260,0
4284,260,0
4285,260,245
4286,260,223
4287,260,0
4288,260,0
4289,260,241
4290,260,220
4291,260,0
4292,260,0
4293,260,237
4294,260,218
4295,260,0
4296,260,0
4297,260,233
4298,260,215
4299,260,0
4300,265,250
4301,265,231
4302,265,0
4303,265,0
4304,265,233
4305,265,0
4306,265,0
4307,265,246
4308,265,224
4309,265,0
4310,265,0
4311,265,239
4312,265,218
4313,265,0
4314,265,0
4315,265,233
4316,265,214
4317,265,0
4318,265,0
4319,265,227
4320,265,0
4321,265,0
4322,265,245
4323,265,223
4324,265,0
4325,265,0
4326,265,239
4327,265,219
4328,265,0
4329,265,0
4330,265,233
4331,265,215
4332,265,0
4333,265,0
4334,265,228
4335,265,0
4336,265,0
4337,265,246
4338,265,224
4339,265,0
4340,265,0
4341,265,240
4342,265,219
4343,265,0
4344,265,0
4345,265,234
4346,265,216
4347,265,0
4348,265,0
4349,265,230
4350,265,215
4351,265,0
4352,265,247
4353,265,224
4354,265,0
4355,265,0
4356,265,240
4357,265,220
4358,265,0
4359,265,0
4360,265,235
4361,265,216
4362,265,0
4363,265,0
4364,265,230
4365,265,217
4366,265,0
4367,265,249
4368,265,226
4369,265,0
4370,265,0
4371,265,242
4372,265,221
4373,265,0
4374,265,0
4375,265,236
4376,265,217
4377,265,0
4378,265,0
4379,265,231
4380,265,213
4381,265,0
4382,265,250
4383,265,226
4384,265,0
4385,265,0
4386,265,243
4387,265,222
4388,265,0
4389,265,0
4390,265,237
4391,265,218
4392,265,0
4393,265,0
4394,265,232
4395,265,213
4396,265,0
4397,265,0
4398,265,227
4399,265,0
4400,270,242
4401,270,0
4402,270,0
4403,270,241
4404,270,222
4405,270,0
4406,270,251
4407,270,229
4408,270,0
4409,270,0
4410,270,242
4411,270,222
4412,270,0
4413,270,0
4414,270,235
4415,270,216
4416,270,0
4417,270,0
4418,270,228
4419,270,0
4420,270,0
4421,270,244
4422,270,223
4423,270,0
4424,270,0
4425,270,236
4426,270,217
4427,270,0
4428,270,0
4429,270,230
4430,270,216
4431,270,0
4432,270,247
4433,270,225
4434,270,0
4435,270,0
4436,270,239
4437,270,219
4438,270,0
4439,270,0
4440,270,232
4441,270,214
4442,270,0
4443,270,248
4444,270,225
4445,270,0
4446,270,0
4447,270,240
4448,270,220
4449,270,0
4450,270,0
4451,270,234
4452,270,216
4453,270,0
4454,270,0
4455,270,227
4456,270,0
4457,270,0
4458,270,242
4459,270,222
4460,270,0
4461,270,0
4462,270,235
4463,270,217
4464,270,0
4465,270,0
4466,270,229
4467,270,0
4468,270,0
4469,270,245
4470,270,224
4471,270,0
4472,270,0
4473,270,237
4474,270,218
4475,270,0
4476,270,0
4477,270,230
4478,270,215
4479,270,0
4480,270,247
4481,270,225
4482,270,0
4483,270,0
4484,270,240
4485,270,219
4486,270,0
4487,270,0
4488,270,232
4489,270,214
4490,270,0
4491,270,0
4492,270,226
4493,270,0
4494,270,0
4495,270,242
4496,270,221
4497,270,0
4498,270,0
4499,270,235
4500,275,222
4501,275,0
4502,275,0
4503,275,233
4504,275,216
4505,275,0
4506,275,248
4507,275,225
4508,275,0
4509,275,0
4510,275,238
4511,275,219
4512,275,0
4513,275,0
4514,275,230
4515,275,216
4516,275,0
4517,275,245
4518,275,223
4519,275,0
4520,275,0
4521,275,235
4522,275,217
4523,275,0
4524,275,0
4525,275,227
4526,275,0
4527,275,0
4528,275,242
4529,275,221
4530,275,0
4531,275,0
4532,275,233
4533,275,216
4534,275,0
4535,275,249
4536,275,226
4537,275,0
4538,275,0
4539,275,239
4540,275,219
4541,275,0
4542,275,0
4543,275,231
4544,275,215
4545,275,0
4546,275,246
4547,275,224
4548,275,0
4549,275,0
4550,275,237
4551,275,217
4552,275,0
4553,275,0
4554,275,229
4555,275,0
4556,275,0
4557,275,243
4558,275,222
4559,275,0
4560,275,0
4561,275,235
4562,275,217
4563,275,0
4564,275,0
4565,275,227
4566,275,0
4567,275,0
4568,275,241
4569,275,220
4570,275,0
4571,275,0
4572,275,232
4573,275,215
4574,275,0
4575,275,248
4576,275,225
4577,275,0
4578,275,0
4579,275,238
4580,275,218
4581,275,0
4582,275,0
4583,275,230
4584,275,216
4585,275,0
4586,275,245
4587,275,223
4588,275,0
4589,275,0
4590,275,236
4591,275,217
4592,275,0
4593,275,0
4594,275,228
4595,275,0
4596,275,0
4597,275,242
4598,275,222
4599,275,0
4600,280,246
4601,280,228
4602,280,0
4603,280,0
4604,280,237
4605,280,218
4606,280,0
4607,280,0
4608,280,226
4609,280,0
4610,280,0
4611,280,239
4612,280,219
4613,280,0
4614,280,0
4615,280,229
4616,280,0
4617,280,0
4618,280,242
4619,280,221
4620,280,0
4621,280,0
4622,280,232
4623,280,214
4624,280,0
4625,280,245
4626,280,224
4627,280,0
4628,280,0
4629,280,236
4630,280,217
4631,280,0
4632,280,0
4633,280,226
4634,280,0
4635,280,0
4636,280,238
4637,280,219
4638,280,0
4639,280,0
4640,280,229
4641,280,0
4642,280,0
4643,280,242
4644,280,221
4645,280,0
4646,280,0
4647,280,232
4648,280,215
4649,280,0
4650,280,245
4651,280,223
4652,280,0
4653,280,0
4654,280,235
4655,280,216
4656,280,0
4657,280,249
4658,280,226
4659,280,0
4660,280,0
4661,280,238
4662,280,218
4663,280,0
4664,280,0
4665,280,229
4666,280,0
4667,280,0
4668,280,241
4669,280,220
4670,280,0
4671,280,0
4672,280,231
4673,280,217
4674,280,0
4675,280,244
4676,280,223
4677,280,0
4678,280,0
4679,280,234
4680,280,216
4681,280,0
4682,280,248
4683,280,225
4684,280,0
4685,280,0
4686,280,237
4687,280,218
4688,280,0
4689,280,0
4690,280,227
4691,280,0
4692,280,0
4693,280,240
4694,280,220
4695,280,0
4696,280,0
4697,280,231
4698,280,216
4699,280,0
4700,285,247
4701,285,229
4702,285,0
4703,285,0
4704,285,238
4705,285,219
4706,285,0
4707,285,0
4708,285,227
4709,285,0
4710,285,0
4711,285,238
4712,285,218
4713,285,0
4714,285,0
4715,285,227
4716,285,0
4717,285,0
4718,285,238
4719,285,218
4720,285,0
4721,285,0
4722,285,227
4723,285,0
4724,285,0
4725,285,238
4726,285,218
4727,285,0
4728,285,0
4729,285,227
4730,285,0
4731,285,0
4732,285,238
4733,285,219
4734,285,0
4735,285,0
4736,285,227
4737,285,0
4738,285,0
4739,285,238
4740,285,219
4741,285,0
4742,285,0
4743,285,228
4744,285,0
4745,285,0
4746,285,239
4747,285,219
4748,285,0
4749,285,0
4750,285,228
4751,285,0
4752,285,0
4753,285,239
4754,285,219
4755,285,0
4756,285,0
4757,285,228
4758,285,0
4759,285,0
4760,285,239
4761,285,219
4762,285,0
4763,285,0
4764,285,229
4765,285,0
4766,285,0
4767,285,239
4768,285,219
4769,285,0
4770,285,0
4771,285,228
4772,285,0
4773,285,0
4774,285,239
4775,285,220
4776,285,0
4777,285,0
4778,285,228
4779,285,0
4780,285,0
4781,285,239
4782,285,220
4783,285,0
4784,285,0
4785,285,229
4786,285,0
4787,285,0
4788,285,240
4789,285,220
4790,285,0
4791,285,0
4792,285,229
4793,285,0
4794,285,0
4795,285,240
4796,285,220
4797,285,0
4798,285,0
4799,285,229
4800,290,221
4801,290,0
4802,290,0
4803,290,230
4804,290,0
4805,290,0
4806,290,238
4807,290,219
4808,290,0
4809,290,0
4810,290,226
4811,290,0
4812,290,0
4813,290,235
4814,290,216
4815,290,0
4816,290,246
4817,290,224
4818,290,0
4819,290,0
4820,290,233
4821,290,215
4822,290,0
4823,290,242
4824,290,222
4825,290,0
4826,290,0
4827,290,229
4828,290,0
4829,290,0
4830,290,240
4831,290,220
4832,290,0
4833,290,0
4834,290,227
4835,290,0
4836,290,0
4837,290,237
4838,290,218
4839,290,0
4840,290,248
4841,290,225
4842,290,0
4843,290,0
4844,290,234
4845,290,216
4846,290,0
4847,290,245
4848,290,223
4849,290,0
4850,290,0
4851,290,232
4852,290,216
4853,290,0
4854,290,241
4855,290,221
4856,290,0
4857,290,0
4858,290,229
4859,290,0
4860,290,0
4861,290,238
4862,290,219
4863,290,0
4864,290,0
4865,290,227
4866,290,0
4867,290,0
4868,290,236
4869,290,217
4870,290,0
4871,290,247
4872,290,224
4873,290,0
4874,290,0
4875,290,234
4876,290,215
4877,290,0
4878,290,243
4879,290,222
4880,290,0
4881,290,0
4882,290,231
4883,290,0
4884,290,0
4885,290,241
4886,290,220
4887,290,0
4888,290,0
4889,290,228
4890,290,0
4891,290,0
4892,290,238
4893,290,218
4894,290,0
4895,290,0
4896,290,226
4897,290,0
4898,290,0
4899,290,235
4900,295,222
4901,295,210
4902,295,198
4903,295,0
4904,295,237
4905,295,217
4906,295,0
4907,295,0
4908,295,229
4909,295,0
4910,295,0
4911,295,239
4912,295,219
4913,295,0
4914,295,0
4915,295,225
4916,295,0
4917,295,0
4918,295,234
4919,295,215
4920,295,0
4921,295,243
4922,295,222
4923,295,0
4924,295,0
4925,295,229
4926,295,0
4927,295,0
4928,295,237
4929,295,218
4930,295,0
4931,295,246
4932,295,224
4933,295,0
4934,295,0
4935,295,231
4936,295,0
4937,295,0
4938,295,240
4939,295,219
4940,295,0
4941,295,0
4942,295,226
4943,295,0
4944,295,0
4945,295,234
4946,295,216
4947,295,0
4948,295,243
4949,295,221
4950,295,0
4951,295,0
4952,295,229
4953,295,0
4954,295,0
4955,295,237
4956,295,218
4957,295,0
4958,295,246
4959,295,224
4960,295,0
4961,295,0
4962,295,231
4963,295,217
4964,295,0
4965,295,241
4966,295,220
4967,295,0
4968,295,0
4969,295,226
4970,295,0
4971,295,0
4972,295,234
4973,295,216
4974,295,0
4975,295,243
4976,295,222
4977,295,0
4978,295,0
4979,295,229
4980,295,0
4981,295,0
4982,295,237
4983,295,218
4984,295,0
4985,295,247
4986,295,224
4987,295,0
4988,295,0
4989,295,231
4990,295,217
4991,295,0
4992,295,240
4993,295,220
4994,295,0
4995,295,0
4996,295,227
4997,295,0
4998,295,0
4999,295,234
5000,300,223
5001,300,0
5002,300,0
5003,300,236
5004,300,217
5005,300,0
5006,300,245
5007,300,223
5008,300,0
5009,300,0
5010,300,230
5011,300,0
5012,300,0
5013,300,237
5014,300,217
5015,300,0
5016,300,246
5017,300,224
5018,300,0
5019,300,0
5020,300,230
5021,300,0
5022,300,0
5023,300,237
5024,300,218
5025,300,0
5026,300,245
5027,300,223
5028,300,0
5029,300,0
5030,300,230
5031,300,0
5032,300,0
5033,300,237
5034,300,217
5035,300,0
5036,300,245
5037,300,223
5038,300,0
5039,300,0
5040,300,229
5041,300,0
5042,300,0
5043,300,237
5044,300,218
5045,300,0
5046,300,245
5047,300,223
5048,300,0
5049,300,0
5050,300,229
5051,300,0
5052,300,0
5053,300,236
5054,300,217
5055,300,0
5056,300,244
5057,300,223
5058,300,0
5059,300,0
5060,300,229
5061,300,0
5062,300,0
5063,300,236
5064,300,217
5065,300,0
5066,300,244
5067,300,222
5068,300,0
5069,300,0
5070,300,229
5071,300,0
5072,300,0
5073,300,236
5074,300,217
5075,300,0
5076,300,243
5077,300,222
5078,300,0
5079,300,0
5080,300,228
5081,300,0
5082,300,0
5083,300,235
5084,300,217
5085,300,0
5086,300,243
5087,300,221
5088,300,0
5089,300,0
5090,300,228
5091,300,0
5092,300,0
5093,300,235
5094,300,216
5095,300,0
5096,300,243
5097,300,221
5098,300,0
5099,300,0
5100,305,233
5101,305,218
5102,305,0
5103,305,0
5104,305,228
5105,305,215
5106,305,0
5107,305,237
5108,305,218
5109,305,0
5110,305,245
5111,305,223
5112,305,0
5113,305,0
5114,305,228
5115,305,0
5116,305,0
5117,305,234
5118,305,215
5119,305,0
5120,305,239
5121,305,219
5122,305,0
5123,305,247
5124,305,224
5125,305,0
5126,305,0
5127,305,229
5128,305,0
5129,305,0
5130,305,235
5131,305,216
5132,305,0
5133,305,241
5134,305,221
5135,305,0
5136,305,0
5137,305,225
5138,305,0
5139,305,0
5140,305,230
5141,305,0
5142,305,0
5143,305,236
5144,305,217
5145,305,0
5146,305,242
5147,305,221
5148,305,0
5149,305,0
5150,305,226
5151,305,0
5152,305,0
5153,305,232
5154,305,0
5155,305,0
5156,305,237
5157,305,218
5158,305,0
5159,305,244
5160,305,223
5161,305,0
5162,305,0
5163,305,227
5164,305,0
5165,305,0
5166,305,233
5167,305,218
5168,305,0
5169,305,239
5170,305,219
5171,305,0
5172,305,245
5173,305,223
5174,305,0
5175,305,0
5176,305,228
5177,305,0
5178,305,0
5179,305,234
5180,305,217
5181,305,0
5182,305,240
5183,305,220
5184,305,0
5185,305,247
5186,305,224
5187,305,0
5188,305,0
5189,305,229
5190,305,0
5191,305,0
5192,305,235
5193,305,216
5194,305,0
5195,305,242
5196,305,221
5197,305,0
5198,305,0
5199,305,225
5200,310,228
5201,310,214
5202,310,202
5203,310,0
5204,310,235
5205,310,216
5206,310,0
5207,310,0
5208,310,223
5209,310,0
5210,310,0
5211,310,230
5212,310,0
5213,310,0
5214,310,234
5215,310,215
5216,310,0
5217,310,239
5218,310,220
5219,310,0
5220,310,245
5221,310,223
5222,310,0
5223,310,0
5224,310,227
5225,310,0
5226,310,0
5227,310,231
5228,310,0
5229,310,0
5230,310,236
5231,310,217
5232,310,0
5233,310,241
5234,310,221
5235,310,0
5236,310,248
5237,310,225
5238,310,0
5239,310,0
5240,310,229
5241,310,0
5242,310,0
5243,310,233
5244,310,218
5245,310,0
5246,310,238
5247,310,218
5248,310,0
5249,310,243
5250,310,222
5251,310,0
5252,310,0
5253,310,226
5254,310,0
5255,310,0
5256,310,230
5257,310,0
5258,310,0
5259,310,236
5260,310,216
5261,310,0
5262,310,240
5263,310,220
5264,310,0
5265,310,246
5266,310,223
5267,310,0
5268,310,0
5269,310,228
5270,310,0
5271,310,0
5272,310,232
5273,310,0
5274,310,0
5275,310,238
5276,310,218
5277,310,0
5278,310,242
5279,310,221
5280,310,0
5281,310,0
5282,310,225
5283,310,0
5284,310,0
5285,310,229
5286,310,0
5287,310,0
5288,310,234
5289,310,215
5290,310,0
5291,310,239
5292,310,219
5293,310,0
5294,310,245
5295,310,223
5296,310,0
5297,310,0
5298,310,227
5299,310,0
5300,315,245
5301,315,0
5302,315,0
5303,315,235
5304,315,0
5305,315,0
5306,315,233
5307,315,0
5308,315,0
5309,315,234
5310,315,0
5311,315,0
5312,315,237
5313,315,218
5314,315,0
5315,315,241
5316,315,220
5317,315,0
5318,315,245
5319,315,223
5320,315,0
5321,315,0
5322,315,226
5323,315,0
5324,315,0
5325,315,229
5326,315,0
5327,315,0
5328,315,233
5329,315,218
5330,315,0
5331,315,236
5332,315,218
5333,315,0
5334,315,241
5335,315,220
5336,315,0
5337,315,245
5338,315,223
5339,315,0
5340,315,0
5341,315,226
5342,315,0
5343,315,0
5344,315,229
5345,315,0
5346,315,0
5347,315,233
5348,315,218
5349,315,0
5350,315,237
5351,315,218
5352,315,0
5353,315,241
5354,315,220
5355,315,0
5356,315,245
5357,315,223
5358,315,0
5359,315,0
5360,315,226
5361,315,0
5362,315,0
5363,315,230
5364,315,0
5365,315,0
5366,315,234
5367,315,218
5368,315,0
5369,315,237
5370,315,217
5371,315,0
5372,315,241
5373,315,221
5374,315,0
5375,315,245
5376,315,223
5377,315,0
5378,315,0
5379,315,227
5380,315,0
5381,315,0
5382,315,230
5383,315,0
5384,315,0
5385,315,234
5386,315,218
5387,315,0
5388,315,238
5389,315,218
5390,315,0
5391,315,241
5392,315,221
5393,315,0
5394,315,246
5395,315,224
5396,315,0
5397,315,0
5398,315,227
5399,315,0
5400,320,246
5401,320,227
5402,320,0
5403,320,0
5404,320,229
5405,320,0
5406,320,0
5407,320,232
5408,320,0
5409,320,0
5410,320,234
5411,320,219
5412,320,0
5413,320,237
5414,320,218
5415,320,0
5416,320,240
5417,320,220
5418,320,0
5419,320,243
5420,320,222
5421,320,0
5422,320,246
5423,320,224
5424,320,0
5425,320,0
5426,320,226
5427,320,0
5428,320,0
5429,320,228
5430,320,0
5431,320,0
5432,320,231
5433,320,0
5434,320,0
5435,320,234
5436,320,218
5437,320,0
5438,320,236
5439,320,217
5440,320,0
5441,320,239
5442,320,219
5443,320,0
5444,320,242
5445,320,221
5446,320,0
5447,320,245
5448,320,224
5449,320,0
5450,320,0
5451,320,225
5452,320,0
5453,320,0
5454,320,228
5455,320,0
5456,320,0
5457,320,230
5458,320,0
5459,320,0
5460,320,232
5461,320,0
5462,320,0
5463,320,235
5464,320,216
5465,320,0
5466,320,238
5467,320,218
5468,320,0
5469,320,241
5470,320,220
5471,320,0
5472,320,243
5473,320,222
5474,320,0
5475,320,0
5476,320,225
5477,320,0
5478,320,0
5479,320,227
5480,320,0
5481,320,0
5482,320,229
5483,320,0
5484,320,0
5485,320,231
5486,320,0
5487,320,0
5488,320,234
5489,320,219
5490,320,0
5491,320,237
5492,320,218
5493,320,0
5494,320,240
5495,320,219
5496,320,0
5497,320,243
5498,320,222
5499,320,0
5500,325,249
5501,325,230
5502,325,0
5503,325,245
5504,325,223
5505,325,0
5506,325,243
5507,325,222
5508,325,0
5509,325,244
5510,325,222
5511,325,0
5512,325,245
5513,325,223
5514,325,0
5515,325,247
5516,325,224
5517,325,0
5518,325,0
5519,325,225
5520,325,0
5521,325,0
5522,325,227
5523,325,0
5524,325,0
5525,325,228
5526,325,0
5527,325,0
5528,325,230
5529,325,0
5530,325,0
5531,325,231
5532,325,0
5533,325,0
5534,325,233
5535,325,0
5536,325,0
5537,325,235
5538,325,218
5539,325,0
5540,325,236
5541,325,217
5542,325,0
5543,325,238
5544,325,218
5545,325,0
5546,325,239
5547,325,220
5548,325,0
5549,325,241
5550,325,221
5551,325,0
5552,325,244
5553,325,222
5554,325,0
5555,325,245
5556,325,223
5557,325,0
5558,325,0
5559,325,224
5560,325,0
5561,325,0
5562,325,226
5563,325,0
5564,325,0
5565,325,227
5566,325,0
5567,325,0
5568,325,228
5569,325,0
5570,325,0
5571,325,230
5572,325,0
5573,325,0
5574,325,231
5575,325,0
5576,325,0
5577,325,233
5578,325,0
5579,325,0
5580,325,235
5581,325,219
5582,325,0
5583,325,236
5584,325,217
5585,325,0
5586,325,238
5587,325,218
5588,325,0
5589,325,240
5590,325,219
5591,325,0
5592,325,241
5593,325,221
5594,325,0
5595,325,243
5596,325,222
5597,325,0
5598,325,245
5599,325,223
5600,330,233
5601,330,218
5602,330,0
5603,330,241
5604,330,220
5605,330,0
5606,330,243
5607,330,222
5608,330,0
5609,330,244
5610,330,222
5611,330,0
5612,330,244
5613,330,222
5614,330,0
5615,330,245
5616,330,224
5617,330,0
5618,330,246
5619,330,224
5620,330,0
5621,330,246
5622,330,224
5623,330,0
5624,330,0
5625,330,225
5626,330,0
5627,330,0
5628,330,225
5629,330,0
5630,330,0
5631,330,225
5632,330,0
5633,330,0
5634,330,226
5635,330,0
5636,330,0
5637,330,226
5638,330,0
5639,330,0
5640,330,226
5641,330,0
5642,330,0
5643,330,227
5644,330,0
5645,330,0
5646,330,227
5647,330,0
5648,330,0
5649,330,228
5650,330,0
5651,330,0
5652,330,229
5653,330,0
5654,330,0
5655,330,229
5656,330,0
5657,330,0
5658,330,229
5659,330,0
5660,330,0
5661,330,230
5662,330,0
5663,330,0
5664,330,231
5665,330,0
5666,330,0
5667,330,231
5668,330,0
5669,330,0
5670,330,232
5671,330,0
5672,330,0
5673,330,232
5674,330,0
5675,330,0
5676,330,233
5677,330,0
5678,330,0
5679,330,233
5680,330,0
5681,330,0
5682,330,234
5683,330,0
5684,330,0
5685,330,234
5686,330,218
5687,330,0
5688,330,235
5689,330,219
5690,330,0
5691,330,236
5692,330,219
5693,330,0
5694,330,237
5695,330,217
5696,330,0
5697,330,236
5698,330,218
5699,330,0
5700,335,240
5701,335,224
5702,335,0
5703,335,241
5704,335,220
5705,335,0
5706,335,238
5707,335,218
5708,335,0
5709,335,237
5710,335,218
5711,335,0
5712,335,236
5713,335,219
5714,335,0
5715,335,236
5716,335,219
5717,335,0
5718,335,235
5719,335,219
5720,335,0
5721,335,234
5722,335,0
5723,335,0
5724,335,234
5725,335,0
5726,335,0
5727,335,233
5728,335,0
5729,335,0
5730,335,233
5731,335,0
5732,335,0
5733,335,232
5734,335,0
5735,335,0
5736,335,232
5737,335,0
5738,335,0
5739,335,232
5740,335,0
5741,335,0
5742,335,231
5743,335,0
5744,335,0
5745,335,230
5746,335,0
5747,335,0
5748,335,229
5749,335,0
5750,335,0
5751,335,229
5752,335,0
5753,335,0
5754,335,229
5755,335,0
5756,335,0
5757,335,228
5758,335,0
5759,335,0
5760,335,228
5761,335,0
5762,335,0
5763,335,227
5764,335,0
5765,335,0
5766,335,226
5767,335,0
5768,335,0
5769,335,227
5770,335,0
5771,335,0
5772,335,226
5773,335,0
5774,335,0
5775,335,225
5776,335,0
5777,335,0
5778,335,225
5779,335,0
5780,335,0
5781,335,224
5782,335,0
5783,335,0
5784,335,224
5785,335,0
5786,335,246
5787,335,224
5788,335,0
5789,335,245
5790,335,224
5791,335,0
5792,335,244
5793,335,223
5794,335,0
5795,335,244
5796,335,223
5797,335,0
5798,335,243
5799,335,223
5800,340,237
5801,340,0
5802,340,248
5803,340,225
5804,340,0
5805,340,241
5806,340,220
5807,340,0
5808,340,237
5809,340,220
5810,340,0
5811,340,235
5812,340,0
5813,340,0
5814,340,233
5815,340,0
5816,340,0
5817,340,231
5818,340,0
5819,340,0
5820,340,230
5821,340,0
5822,340,0
5823,340,228
5824,340,0
5825,340,0
5826,340,227
5827,340,0
5828,340,0
5829,340,225
5830,340,0
5831,340,0
5832,340,224
5833,340,0
5834,340,245
5835,340,223
5836,340,0
5837,340,243
5838,340,222
5839,340,0
5840,340,241
5841,340,220
5842,340,0
5843,340,239
5844,340,219
5845,340,0
5846,340,237
5847,340,218
5848,340,0
5849,340,237
5850,340,219
5851,340,0
5852,340,234
5853,340,0
5854,340,0
5855,340,232
5856,340,0
5857,340,0
5858,340,231
5859,340,0
5860,340,0
5861,340,230
5862,340,0
5863,340,0
5864,340,229
5865,340,0
5866,340,0
5867,340,226
5868,340,0
5869,340,0
5870,340,225
5871,340,0
5872,340,0
5873,340,224
5874,340,0
5875,340,244
5876,340,223
5877,340,0
5878,340,243
5879,340,221
5880,340,0
5881,340,241
5882,340,220
5883,340,0
5884,340,239
5885,340,219
5886,340,0
5887,340,237
5888,340,218
5889,340,0
5890,340,236
5891,340,219
5892,340,0
5893,340,234
5894,340,0
5895,340,0
5896,340,232
5897,340,0
5898,340,0
5899,340,231
5900,345,226
5901,345,0
5902,345,0
5903,345,225
5904,345,0
5905,345,245
5906,345,223
5907,345,0
5908,345,241
5909,345,221
5910,345,0
5911,345,239
5912,345,219
5913,345,0
5914,345,237
5915,345,219
5916,345,0
5917,345,234
5918,345,0
5919,345,0
5920,345,231
5921,345,0
5922,345,0
5923,345,230
5924,345,0
5925,345,0
5926,345,227
5927,345,0
5928,345,0
5929,345,225
5930,345,0
5931,345,246
5932,345,224
5933,345,0
5934,345,243
5935,345,221
5936,345,0
5937,345,240
5938,345,220
5939,345,0
5940,345,238
5941,345,218
5942,345,0
5943,345,236
5944,345,219
5945,345,0
5946,345,234
5947,345,0
5948,345,0
5949,345,231
5950,345,0
5951,345,0
5952,345,229
5953,345,0
5954,345,0
5955,345,227
5956,345,0
5957,345,0
5958,345,225
5959,345,0
5960,345,245
5961,345,223
5962,345,0
5963,345,242
5964,345,221
5965,345,0
5966,345,239
5967,345,219
5968,345,0
5969,345,237
5970,345,217
5971,345,0
5972,345,235
5973,345,0
5974,345,0
5975,345,232
5976,345,0
5977,345,0
5978,345,230
5979,345,0
5980,345,0
5981,345,228
5982,345,0
5983,345,0
5984,345,226
5985,345,0
5986,345,0
5987,345,224
5988,345,0
5989,345,244
5990,345,223
5991,345,0
5992,345,241
5993,345,221
5994,345,0
5995,345,238
5996,345,219
5997,345,0
5998,345,236
5999,345,219
6000,350,241
6001,350,0
6002,350,0
6003,350,235
6004,350,0
6005,350,0
6006,350,229
6007,350,0
6008,350,0
6009,350,226
6010,350,0
6011,350,245
6012,350,223
6013,350,0
6014,350,241
6015,350,220
6016,350,0
6017,350,237
6018,350,219
6019,350,0
6020,350,233
6021,350,0
6022,350,0
6023,350,231
6024,350,0
6025,350,0
6026,350,227
6027,350,0
6028,350,0
6029,350,224
6030,350,0
6031,350,243
6032,350,222
6033,350,0
6034,350,240
6035,350,219
6036,350,0
6037,350,236
6038,350,219
6039,350,0
6040,350,232
6041,350,0
6042,350,0
6043,350,229
6044,350,0
6045,350,0
6046,350,227
6047,350,0
6048,350,245
6049,350,224
6050,350,0
6051,350,241
6052,350,221
6053,350,0
6054,350,238
6055,350,218
6056,350,0
6057,350,234
6058,350,0
6059,350,0
6060,350,231
6061,350,0
6062,350,0
6063,350,228
6064,350,0
6065,350,0
6066,350,225
6067,350,0
6068,350,244
6069,350,222
6070,350,0
6071,350,240
6072,350,220
6073,350,0
6074,350,237
6075,350,219
6076,350,0
6077,350,233
6078,350,0
6079,350,0
6080,350,229
6081,350,0
6082,350,0
6083,350,226
6084,350,0
6085,350,0
6086,350,223
6087,350,0
6088,350,242
6089,350,221
6090,350,0
6091,350,238
6092,350,219
6093,350,0
6094,350,235
6095,350,0
6096,350,0
6097,350,231
6098,350,0
6099,350,0
6100,355,233
6101,355,0
6102,355,0
6103,355,231
6104,355,0
6105,355,0
6106,355,227
6107,355,0
6108,355,246
6109,355,224
6110,355,0
6111,355,241
6112,355,221
6113,355,0
6114,355,236
6115,355,219
6116,355,0
6117,355,232
6118,355,0
6119,355,0
6120,355,228
6121,355,0
6122,355,0
6123,355,224
6124,355,0
6125,355,242
6126,355,221
6127,355,0
6128,355,238
6129,355,218
6130,355,0
6131,355,234
6132,355,0
6133,355,0
6134,355,231
6135,355,0
6136,355,0
6137,355,226
6138,355,0
6139,355,244
6140,355,223
6141,355,0
6142,355,240
6143,355,219
6144,355,0
6145,355,236
6146,355,219
6147,355,0
6148,355,231
6149,355,0
6150,355,0
6151,355,228
6152,355,0
6153,355,0
6154,355,225
6155,355,0
6156,355,242
6157,355,221
6158,355,0
6159,355,238
6160,355,218
6161,355,0
6162,355,234
6163,355,0
6164,355,0
6165,355,229
6166,355,0
6167,355,0
6168,355,226
6169,355,0
6170,355,244
6171,355,223
6172,355,0
6173,355,239
6174,355,219
6175,355,0
6176,355,235
6177,355,0
6178,355,0
6179,355,231
6180,355,0
6181,355,0
6182,355,227
6183,355,0
6184,355,0
6185,355,224
6186,355,0
6187,355,241
6188,355,221
6189,355,0
6190,355,237
6191,355,220
6192,355,0
6193,355,233
6194,355,0
6195,355,0
6196,355,228
6197,355,0
6198,355,0
6199,355,225
6200,360,234
6201,360,0
6202,360,248
6203,360,225
6204,360,0
6205,360,239
6206,360,219
6207,360,0
6208,360,233
6209,360,0
6210,360,0
6211,360,227
6212,360,0
6213,360,246
6214,360,224
6215,360,0
6216,360,239
6217,360,220
6218,360,0
6219,360,234
6220,360,0
6221,360,0
6222,360,229
6223,360,0
6224,360,0
6225,360,225
6226,360,0
6227,360,241
6228,360,220
6229,360,0
6230,360,236
6231,360,0
6232,360,0
6233,360,230
6234,360,0
6235,360,0
6236,360,226
6237,360,0
6238,360,243
6239,360,222
6240,360,0
6241,360,237
6242,360,220
6243,360,0
6244,360,232
6245,360,0
6246,360,0
6247,360,227
6248,360,0
6249,360,245
6250,360,223
6251,360,0
6252,360,240
6253,360,219
6254,360,0
6255,360,233
6256,360,0
6257,360,0
6258,360,229
6259,360,0
6260,360,0
6261,360,225
6262,360,0
6263,360,240
6264,360,220
6265,360,0
6266,360,235
6267,360,0
6268,360,0
6269,360,230
6270,360,0
6271,360,0
6272,360,225
6273,360,0
6274,360,243
6275,360,221
6276,360,0
6277,360,237
6278,360,220
6279,360,0
6280,360,232
6281,360,0
6282,360,0
6283,360,228
6284,360,0
6285,360,244
6286,360,223
6287,360,0
6288,360,239
6289,360,219
6290,360,0
6291,360,233
6292,360,0
6293,360,0
6294,360,228
6295,360,0
6296,360,0
6297,360,224
6298,360,0
6299,360,240
6300,365,226
6301,365,0
6302,365,0
6303,365,226
6304,365,0
6305,365,243
6306,365,222
6307,365,0
6308,365,237
6309,365,220
6310,365,0
6311,365,231
6312,365,0
6313,365,0
6314,365,226
6315,365,0
6316,365,242
6317,365,221
6318,365,0
6319,365,235
6320,365,0
6321,365,0
6322,365,230
6323,365,0
6324,365,0
6325,365,225
6326,365,0
6327,365,240
6328,365,220
6329,365,0
6330,365,234
6331,365,0
6332,365,0
6333,365,229
6334,365,0
6335,365,0
6336,365,224
6337,365,0
6338,365,240
6339,365,219
6340,365,0
6341,365,233
6342,365,0
6343,365,0
6344,365,228
6345,365,0
6346,365,245
6347,365,223
6348,365,0
6349,365,238
6350,365,219
6351,365,0
6352,365,232
6353,365,0
6354,365,0
6355,365,226
6356,365,0
6357,365,243
6358,365,222
6359,365,0
6360,365,237
6361,365,220
6362,365,0
6363,365,231
6364,365,0
6365,365,0
6366,365,225
6367,365,0
6368,365,242
6369,365,221
6370,365,0
6371,365,235
6372,365,0
6373,365,0
6374,365,230
6375,365,0
6376,365,0
6377,365,224
6378,365,0
6379,365,240
6380,365,220
6381,365,0
6382,365,234
6383,365,0
6384,365,0
6385,365,228
6386,365,0
6387,365,0
6388,365,223
6389,365,0
6390,365,239
6391,365,219
6392,365,0
6393,365,232
6394,365,0
6395,365,0
6396,365,227
6397,365,0
6398,365,244
6399,365,223
6400,370,236
6401,370,221
6402,370,0
6403,370,233
6404,370,0
6405,370,0
6406,370,227
6407,370,0
6408,370,242
6409,370,221
6410,370,0
6411,370,234
6412,370,0
6413,370,0
6414,370,227
6415,370,0
6416,370,243
6417,370,221
6418,370,0
6419,370,235
6420,370,0
6421,370,0
6422,370,229
6423,370,0
6424,370,246
6425,370,223
6426,370,0
6427,370,237
6428,370,220
6429,370,0
6430,370,230
6431,370,0
6432,370,0
6433,370,224
6434,370,0
6435,370,238
6436,370,219
6437,370,0
6438,370,232
6439,370,0
6440,370,0
6441,370,225
6442,370,0
6443,370,241
6444,370,220
6445,370,0
6446,370,233
6447,370,0
6448,370,0
6449,370,227
6450,370,0
6451,370,242
6452,370,221
6453,370,0