Time,Frequency,A0
1,40,691
2,40,729
3,40,763
4,40,794
5,40,820
6,40,843
7,40,863
8,40,882
9,40,897
10,40,911
11,40,923
12,40,934
13,40,922
14,40,809
15,40,710
16,40,624
17,40,549
18,40,483
19,40,426
20,40,375
21,40,331
22,40,292
23,40,258
24,40,227
25,40,201
26,40,261
27,40,354
28,40,434
29,40,503
30,40,563
31,40,616
32,40,663
33,40,704
34,40,740
35,40,771
36,40,799
37,40,824
38,40,820
39,40,719
40,40,629
41,40,552
42,40,484
43,40,425
44,40,375
45,40,329
46,40,290
47,40,256
48,40,226
49,40,199
50,40,176
51,40,243
52,40,338
53,40,419
54,40,489
55,40,551
56,40,605
57,40,653
58,40,695
59,40,732
60,40,764
61,40,793
62,40,818
63,40,811
64,40,710
65,40,621
66,40,544
67,40,478
68,40,420
69,40,369
70,40,325
71,40,287
72,40,253
73,40,223
74,40,195
75,40,173
76,40,246
77,40,340
78,40,421
79,40,491
80,40,552
81,40,606
82,40,653
83,40,695
84,40,732
85,40,765
86,40,793
87,40,818
88,40,806
89,40,705
90,40,617
91,40,541
92,40,475
93,40,417
94,40,367
95,40,323
96,40,284
97,40,251
98,40,221
99,40,195
100,40,167
101,40,230
102,40,326
103,40,363
104,40,316
105,40,275
106,40,240
107,40,210
108,40,184
109,40,163
110,40,143
111,40,126
112,40,111
113,40,98
114,40,87
115,40,76
116,40,175
117,40,276
118,40,363
119,40,439
120,40,505
121,40,564
122,40,615
123,40,661
124,40,701
125,40,737
126,40,769
127,40,797
128,40,770
129,40,673
130,40,589
131,40,516
132,40,453
133,40,398
134,40,349
135,40,308
136,40,271
137,40,238
138,40,210
139,40,185
140,40,165
141,40,257
142,40,349
143,40,428
144,40,497
145,40,558
146,40,611
147,40,657
148,40,699
149,40,735
150,40,766
151,40,795
152,40,820
153,40,787
154,40,687
155,40,601
156,40,528
157,40,463
158,40,407
159,40,358
160,40,315
161,40,277
162,40,244
163,40,215
164,40,190
165,40,172
166,40,266
167,40,356
168,40,435
169,40,503
170,40,563
171,40,616
172,40,662
173,40,703
174,40,738
175,40,770
176,40,798
177,40,823
178,40,785
179,40,685
180,40,599
181,40,526
182,40,462
183,40,406
184,40,357
185,40,314
186,40,277
187,40,244
188,40,215
189,40,190
190,40,174
191,40,270
192,40,361
193,40,438
194,40,506
195,40,566
196,40,617
197,40,664
198,40,704
199,40,740
200,40,756
201,40,761
202,40,675
203,40,589
204,40,516
205,40,453
206,40,398
207,40,349
208,40,307
209,40,271
210,40,238
211,40,209
212,40,185
213,40,163
214,40,207
215,40,306
216,40,391
217,40,465
218,40,529
219,40,586
220,40,635
221,40,679
222,40,718
223,40,751
224,40,782
225,40,808
226,40,821
227,40,725
228,40,633
229,40,555
230,40,487
231,40,428
232,40,377
233,40,331
234,40,292
235,40,257
236,40,226
237,40,199
238,40,176
239,40,224
240,40,321
241,40,404
242,40,476
243,40,539
244,40,594
245,40,643
246,40,686
247,40,724
248,40,757
249,40,787
250,40,813
251,40,821
252,40,723
253,40,632
254,40,555
255,40,487
256,40,427
257,40,376
258,40,331
259,40,292
260,40,257
261,40,226
262,40,199
263,40,176
264,40,228
265,40,325
266,40,407
267,40,479
268,40,542
269,40,597
270,40,646
271,40,688
272,40,726
273,40,759
274,40,788
275,40,814
276,40,819
277,40,720
278,40,629
279,40,552
280,40,484
281,40,426
282,40,374
283,40,329
284,40,290
285,40,256
286,40,225
287,40,198
288,40,175
289,40,233
290,40,329
291,40,411
292,40,483
293,40,545
294,40,599
295,40,647
296,40,690
297,40,727
298,40,760
299,40,789
300,40,798
301,40,806
302,40,831
303,40,852
304,40,871
305,40,888
306,40,865
307,40,758
308,40,664
309,40,583
310,40,512
311,40,451
312,40,397
313,40,349
314,40,308
315,40,271
316,40,239
317,40,211
318,40,187
319,40,265
320,40,356
321,40,435
322,40,503
323,40,563
324,40,616
325,40,662
326,40,703
327,40,739
328,40,771
329,40,798
330,40,823
331,40,804
332,40,702
333,40,615
334,40,539
335,40,474
336,40,416
337,40,366
338,40,322
339,40,284
340,40,251
341,40,221
342,40,194
343,40,172
344,40,256
345,40,348
346,40,428
347,40,497
348,40,558
349,40,611
350,40,658
351,40,699
352,40,735
353,40,767
354,40,795
355,40,821
356,40,797
357,40,696
358,40,609
359,40,534
360,40,469
361,40,412
362,40,362
363,40,319
364,40,281
365,40,247
366,40,218
367,40,192
368,40,171
369,40,259
370,40,351
371,40,430
372,40,499
373,40,560
374,40,612
375,40,659
376,40,700
377,40,736
378,40,768
379,40,797
380,40,821
381,40,792
382,40,692
383,40,606
384,40,531
385,40,466
386,40,410
387,40,360
388,40,318
389,40,280
390,40,246
391,40,217
392,40,192
393,40,171
394,40,263
395,40,354
396,40,434
397,40,501
398,40,562
399,40,614
400,40,650
401,40,671
402,40,712
403,40,747
404,40,775
405,40,690
406,40,603
407,40,528
408,40,463
409,40,406
410,40,357
411,40,314
412,40,276
413,40,243
414,40,215
415,40,189
416,40,167
417,40,202
418,40,301
419,40,386
420,40,461
421,40,526
422,40,583
423,40,632
424,40,677
425,40,716
426,40,750
427,40,781
428,40,807
429,40,825
430,40,733
431,40,640
432,40,561
433,40,493
434,40,432
435,40,381
436,40,335
437,40,295
438,40,259
439,40,228
440,40,201
441,40,178
442,40,216
443,40,314
444,40,399
445,40,471
446,40,535
447,40,591
448,40,640
449,40,683
450,40,721
451,40,755
452,40,785
453,40,810
454,40,826
455,40,731
456,40,639
457,40,560
458,40,491
459,40,432
460,40,380
461,40,334
462,40,294
463,40,259
464,40,229
465,40,202
466,40,178
467,40,221
468,40,319
469,40,402
470,40,475
471,40,538
472,40,593
473,40,642
474,40,685
475,40,723
476,40,757
477,40,786
478,40,812
479,40,824
480,40,728
481,40,636
482,40,557
483,40,489
484,40,430
485,40,378
486,40,333
487,40,292
488,40,258
489,40,227
490,40,200
491,40,177
492,40,225
493,40,322
494,40,406
495,40,477
496,40,540
497,40,595
498,40,644
499,40,687
500,40,711
501,40,728
502,40,762
503,40,721
504,40,629
505,40,550
506,40,482
507,40,423
508,40,372
509,40,327
510,40,288
511,40,254
512,40,223
513,40,197
514,40,173
515,40,166
516,40,266
517,40,356
518,40,434
519,40,502
520,40,562
521,40,615
522,40,661
523,40,702
524,40,737
525,40,769
526,40,797
527,40,822
528,40,770
529,40,672
530,40,589
531,40,516
532,40,454
533,40,399
534,40,351
535,40,309
536,40,272
537,40,240
538,40,211
539,40,186
540,40,181
541,40,280
542,40,369
543,40,445
544,40,512
545,40,571
546,40,623
547,40,667
548,40,708
549,40,743
550,40,774
551,40,802
552,40,826
553,40,769
554,40,671
555,40,587
556,40,515
557,40,453
558,40,398
559,40,350
560,40,308
561,40,272
562,40,239
563,40,211
564,40,186
565,40,186
566,40,285
567,40,372
568,40,448
569,40,515
570,40,573
571,40,625
572,40,670
573,40,710
574,40,745
575,40,776
576,40,803
577,40,827
578,40,765
579,40,668
580,40,585
581,40,513
582,40,451
583,40,397
584,40,349
585,40,307
586,40,270
587,40,238
588,40,210
589,40,186
590,40,188
591,40,289
592,40,376
593,40,451
594,40,518
595,40,576
596,40,626
597,40,671
598,40,711
599,40,746
600,40,761
601,40,773
602,40,801
603,40,826
604,40,848
605,40,867
606,40,884
607,40,896
608,40,798
609,40,699
610,40,614
611,40,540
612,40,475
613,40,418
614,40,367
615,40,324
616,40,285
617,40,252
618,40,222
619,40,196
620,40,227
621,40,323
622,40,407
623,40,479
624,40,542
625,40,597
626,40,645
627,40,688
628,40,726
629,40,759
630,40,789
631,40,815
632,40,833
633,40,740
634,40,647
635,40,567
636,40,498
637,40,437
638,40,385
639,40,338
640,40,298
641,40,263
642,40,231
643,40,204
644,40,180
645,40,217
646,40,315
647,40,399
648,40,472
649,40,536
650,40,591
651,40,640
652,40,684
653,40,722
654,40,755
655,40,785
656,40,811
657,40,827
658,40,733
659,40,640
660,40,561
661,40,493
662,40,433
663,40,381
664,40,335
665,40,295
666,40,260
667,40,229
668,40,202
669,40,179
670,40,220
671,40,318
672,40,402
673,40,474
674,40,537
675,40,593
676,40,642
677,40,685
678,40,723
679,40,756
680,40,786
681,40,812
682,40,825
683,40,728
684,40,636
685,40,558
686,40,490
687,40,430
688,40,378
689,40,333
690,40,293
691,40,258
692,40,228
693,40,201
694,40,177
695,40,225
696,40,321
697,40,404
698,40,477
699,40,539
700,40,586
701,40,614
702,40,661
703,40,702
704,40,738
705,40,770
706,40,730
707,40,637
708,40,557
709,40,488
710,40,428
711,40,376
712,40,331
713,40,292
714,40,256
715,40,226
716,40,199
717,40,175
718,40,168
719,40,266
720,40,357
721,40,434
722,40,503
723,40,563
724,40,615
725,40,661
726,40,702
727,40,738
728,40,769
729,40,797
730,40,822
731,40,771
732,40,673
733,40,590
734,40,517
735,40,454
736,40,399
737,40,351
738,40,309
739,40,272
740,40,240
741,40,211
742,40,187
743,40,181
744,40,279
745,40,368
746,40,445
747,40,512
748,40,570
749,40,622
750,40,668
751,40,708
752,40,743
753,40,774
754,40,801
755,40,826
756,40,770
757,40,672
758,40,588
759,40,516
760,40,454
761,40,398
762,40,351
763,40,308
764,40,272
765,40,239
766,40,211
767,40,186
768,40,186
769,40,284
770,40,372
771,40,448
772,40,514
773,40,573
774,40,625
775,40,669
776,40,709
777,40,744
778,40,775
779,40,803
780,40,827
781,40,766
782,40,669
783,40,586
784,40,514
785,40,451
786,40,397
787,40,349
788,40,307
789,40,270
790,40,238
791,40,210
792,40,186
793,40,188
794,40,288
795,40,375
796,40,451
797,40,517
798,40,575
799,40,626
800,40,660
801,40,680
802,40,720
803,40,754
804,40,752
805,40,659
806,40,575
807,40,504
808,40,443
809,40,389
810,40,342
811,40,301
812,40,265
813,40,233
814,40,205
815,40,181
816,40,160
817,40,234
818,40,329
819,40,411
820,40,482
821,40,544
822,40,599
823,40,647
824,40,689
825,40,727
826,40,759
827,40,789
828,40,814
829,40,802
830,40,701
831,40,614
832,40,538
833,40,472
834,40,415
835,40,365
836,40,321
837,40,283
838,40,249
839,40,219
840,40,194
841,40,171
842,40,249
843,40,342
844,40,422
845,40,492
846,40,553
847,40,607
848,40,654
849,40,696
850,40,732
851,40,765
852,40,793
853,40,818
854,40,800
855,40,700
856,40,613
857,40,537
858,40,471
859,40,415
860,40,365
861,40,321
862,40,283
863,40,249
864,40,220
865,40,194
866,40,171
867,40,254
868,40,346
869,40,426
870,40,495
871,40,556
872,40,609
873,40,656
874,40,698
875,40,734
876,40,766
877,40,794
878,40,820
879,40,797
880,40,697
881,40,609
882,40,534
883,40,470
884,40,413
885,40,363
886,40,320
887,40,281
888,40,248
889,40,219
890,40,192
891,40,170
892,40,258
893,40,350
894,40,429
895,40,498
896,40,559
897,40,611
898,40,658
899,40,699
900,40,721
901,40,737
902,40,769
903,40,798
904,40,823
905,40,845
906,40,864
907,40,881
908,40,897
909,40,844
910,40,737
911,40,646
912,40,568
913,40,500
914,40,439
915,40,387
916,40,341
917,40,300
918,40,265
919,40,234
920,40,206
921,40,194
922,40,289
923,40,377
924,40,453
925,40,520
926,40,578
927,40,628
928,40,673
929,40,713
930,40,747
931,40,778
932,40,805
933,40,829
934,40,779
935,40,680
936,40,595
937,40,523
938,40,459
939,40,403
940,40,355
941,40,312
942,40,275
943,40,243
944,40,214
945,40,189
946,40,182
947,40,280
948,40,368
949,40,445
950,40,512
951,40,571
952,40,623
953,40,668
954,40,708
955,40,743
956,40,774
957,40,802
958,40,826
959,40,771
960,40,673
961,40,590
962,40,517
963,40,455
964,40,399
965,40,351
966,40,309
967,40,272
968,40,240
969,40,211
970,40,187
971,40,184
972,40,283
973,40,372
974,40,448
975,40,514
976,40,573
977,40,624
978,40,669
979,40,709
980,40,744
981,40,775
982,40,802
983,40,827
984,40,767
985,40,670
986,40,586
987,40,514
988,40,452
989,40,398
990,40,350
991,40,308
992,40,271
993,40,239
994,40,210
995,40,186
996,40,188
997,40,287
998,40,375
999,40,451
1000,40,511
1001,40,545
1002,40,600
1003,40,648
1004,40,691
1005,40,729
1006,40,761
1007,40,760
1008,40,665
1009,40,582
1010,40,509
1011,40,447
1012,40,393
1013,40,345
1014,40,304
1015,40,268
1016,40,235
1017,40,208
1018,40,182
1019,40,162
1020,40,235
1021,40,330
1022,40,411
1023,40,482
1024,40,544
1025,40,599
1026,40,647
1027,40,689
1028,40,726
1029,40,759
1030,40,789
1031,40,814
1032,40,802
1033,40,703
1034,40,615
1035,40,539
1036,40,473
1037,40,416
1038,40,366
1039,40,322
1040,40,284
1041,40,249
1042,40,220
1043,40,194
1044,40,172
1045,40,248
1046,40,342
1047,40,421
1048,40,492
1049,40,553
1050,40,606
1051,40,654
1052,40,695
1053,40,732
1054,40,764
1055,40,793
1056,40,819
1057,40,801
1058,40,701
1059,40,614
1060,40,538
1061,40,473
1062,40,415
1063,40,366
1064,40,321
1065,40,283
1066,40,249
1067,40,219
1068,40,194
1069,40,172
1070,40,253
1071,40,345
1072,40,426
1073,40,494
1074,40,555
1075,40,609
1076,40,655
1077,40,697
1078,40,734
1079,40,766
1080,40,795
1081,40,819
1082,40,798
1083,40,697
1084,40,611
1085,40,535
1086,40,470
1087,40,413
1088,40,363
1089,40,320
1090,40,282
1091,40,249
1092,40,219
1093,40,193
1094,40,170
1095,40,256
1096,40,349
1097,40,427
1098,40,498
1099,40,557
1100,40,602
1101,40,628
1102,40,673
1103,40,712
1104,40,748
1105,40,778
1106,40,698
1107,40,610
1108,40,533
1109,40,468
1110,40,411
1111,40,361
1112,40,317
1113,40,280
1114,40,246
1115,40,217
1116,40,191
1117,40,169
1118,40,196
1119,40,296
1120,40,383
1121,40,456
1122,40,522
1123,40,579
1124,40,630
1125,40,674
1126,40,713
1127,40,748
1128,40,778
1129,40,805
1130,40,827
1131,40,739
1132,40,645
1133,40,566
1134,40,496
1135,40,436
1136,40,384
1137,40,338
1138,40,297
1139,40,262
1140,40,230
1141,40,203
1142,40,179
1143,40,210
1144,40,308
1145,40,394
1146,40,467
1147,40,531
1148,40,587
1149,40,637
1150,40,681
1151,40,719
1152,40,753
1153,40,782
1154,40,809
1155,40,829
1156,40,738
1157,40,644
1158,40,565
1159,40,496
1160,40,436
1161,40,383
1162,40,337
1163,40,297
1164,40,262
1165,40,230
1166,40,203
1167,40,179
1168,40,215
1169,40,312
1170,40,397
1171,40,470
1172,40,534
1173,40,589
1174,40,639
1175,40,683
1176,40,720
1177,40,755
1178,40,784
1179,40,811
1180,40,827
1181,40,734
1182,40,641
1183,40,562
1184,40,493
1185,40,434
1186,40,381
1187,40,336
1188,40,295
1189,40,260
1190,40,229
1191,40,202
1192,40,178
1193,40,219
1194,40,317
1195,40,401
1196,40,473
1197,40,537
1198,40,592
1199,40,641
1200,40,672
1201,40,692
1202,40,729
1203,40,762
1204,40,792
1205,40,817
1206,40,840
1207,40,860
1208,40,877
1209,40,893
1210,40,878
1211,40,770
1212,40,675
1213,40,593
1214,40,521
1215,40,459
1216,40,403
1217,40,355
1218,40,313
1219,40,276
1220,40,243
1221,40,215
1222,40,190
1223,40,259
1224,40,351
1225,40,430
1226,40,499
1227,40,560
1228,40,613
1229,40,660
1230,40,700
1231,40,737
1232,40,769
1233,40,797
1234,40,822
1235,40,811
1236,40,709
1237,40,621
1238,40,545
1239,40,479
1240,40,420
1241,40,370
1242,40,326
1243,40,287
1244,40,253
1245,40,223
1246,40,197
1247,40,173
1248,40,249
1249,40,342
1250,40,422
1251,40,492
1252,40,554
1253,40,607
1254,40,654
1255,40,696
1256,40,732
1257,40,765
1258,40,794
1259,40,819
1260,40,803
1261,40,703
1262,40,615
1263,40,539
1264,40,474
1265,40,416
1266,40,366
1267,40,322
1268,40,284
1269,40,251
1270,40,221
1271,40,195
1272,40,172
1273,40,252
1274,40,345
1275,40,425
1276,40,494
1277,40,555
1278,40,609
1279,40,655
1280,40,698
1281,40,734
1282,40,766
1283,40,794
1284,40,820
1285,40,799
1286,40,698
1287,40,611
1288,40,537
1289,40,471
1290,40,414
1291,40,364
1292,40,320
1293,40,282
1294,40,249
1295,40,219
1296,40,193
1297,40,171
1298,40,256
1299,40,349
1300,40,425
1301,40,468
1302,40,532
1303,40,589
1304,40,638
1305,40,682
1306,40,720
1307,40,754
1308,40,783
1309,40,704
1310,40,616
1311,40,538
1312,40,472
1313,40,415
1314,40,364
1315,40,321
1316,40,282
1317,40,249
1318,40,219
1319,40,193
1320,40,170
1321,40,196
1322,40,296
1323,40,383
1324,40,457
1325,40,523
1326,40,579
1327,40,630
1328,40,674
1329,40,713
1330,40,748
1331,40,779
1332,40,805
1333,40,827
1334,40,741
1335,40,646
1336,40,567
1337,40,497
1338,40,437
1339,40,384
1340,40,337
1341,40,298
1342,40,262
1343,40,231
1344,40,204
1345,40,180
1346,40,209
1347,40,308
1348,40,393
1349,40,466
1350,40,531
1351,40,587
1352,40,636
1353,40,680
1354,40,718
1355,40,753
1356,40,783
1357,40,810
1358,40,829
1359,40,739
1360,40,645
1361,40,565
1362,40,496
1363,40,436
1364,40,384
1365,40,337
1366,40,297
1367,40,262
1368,40,231
1369,40,203
1370,40,179
1371,40,214
1372,40,312
1373,40,396
1374,40,470
1375,40,534
1376,40,589
1377,40,639
1378,40,682
1379,40,720
1380,40,754
1381,40,784
1382,40,810
1383,40,827
1384,40,735
1385,40,642
1386,40,563
1387,40,493
1388,40,434
1389,40,381
1390,40,336
1391,40,296
1392,40,260
1393,40,230
1394,40,202
1395,40,178
1396,40,218
1397,40,316
1398,40,400
1399,40,473
1400,40,530
1401,40,562
1402,40,615
1403,40,661
1404,40,702
1405,40,739
1406,40,770
1407,40,745
1408,40,651
1409,40,569
1410,40,499
1411,40,438
1412,40,385
1413,40,339
1414,40,298
1415,40,263
1416,40,231
1417,40,204
1418,40,180
1419,40,161
1420,40,254
1421,40,346
1422,40,426
1423,40,495
1424,40,555
1425,40,609
1426,40,656
1427,40,697
1428,40,733
1429,40,766
1430,40,794
1431,40,819
1432,40,784
1433,40,685
1434,40,600
1435,40,526
1436,40,462
1437,40,406
1438,40,357
1439,40,314
1440,40,277
1441,40,244
1442,40,215
1443,40,190
1444,40,173
1445,40,267
1446,40,357
1447,40,436
1448,40,503
1449,40,564
1450,40,615
1451,40,662
1452,40,702
1453,40,738
1454,40,770
1455,40,798
1456,40,823
1457,40,783
1458,40,683
1459,40,599
1460,40,525
1461,40,462
1462,40,405
1463,40,357
1464,40,314
1465,40,276
1466,40,244
1467,40,215
1468,40,189
1469,40,176
1470,40,271
1471,40,362
1472,40,439
1473,40,506
1474,40,567
1475,40,618
1476,40,664
1477,40,704
1478,40,740
1479,40,772
1480,40,799
1481,40,824
1482,40,779
1483,40,679
1484,40,596
1485,40,522
1486,40,458
1487,40,403
1488,40,355
1489,40,312
1490,40,275
1491,40,242
1492,40,214
1493,40,189
1494,40,178
1495,40,274
1496,40,364
1497,40,442
1498,40,510
1499,40,568
1500,40,611
1501,40,635
1502,40,679
1503,40,719
1504,40,753
1505,40,783
1506,40,809
1507,40,833
1508,40,854
1509,40,872
1510,40,888
1511,40,902
1512,40,818
1513,40,716
1514,40,628
1515,40,552
1516,40,486
1517,40,427
1518,40,377
1519,40,332
1520,40,292
1521,40,258
1522,40,227
1523,40,200
1524,40,215
1525,40,312
1526,40,397
1527,40,470
1528,40,535
1529,40,591
1530,40,640
1531,40,684
1532,40,722
1533,40,755
1534,40,785
1535,40,811
1536,40,834
1537,40,754
1538,40,659
1539,40,577
1540,40,507
1541,40,445
1542,40,392
1543,40,344
1544,40,304
1545,40,267
1546,40,236
1547,40,207
1548,40,184
1549,40,204
1550,40,303
1551,40,389
1552,40,463
1553,40,527
1554,40,584
1555,40,634
1556,40,678
1557,40,717
1558,40,751
1559,40,782
1560,40,808
1561,40,831
1562,40,746
1563,40,652
1564,40,571
1565,40,501
1566,40,440
1567,40,387
1568,40,341
1569,40,301
1570,40,265
1571,40,234
1572,40,205
1573,40,181
1574,40,207
1575,40,305
1576,40,391
1577,40,465
1578,40,529
1579,40,585
1580,40,635
1581,40,679
1582,40,718
1583,40,752
1584,40,782
1585,40,809
1586,40,831
1587,40,741
1588,40,648
1589,40,568
1590,40,499
1591,40,439
1592,40,385
1593,40,339
1594,40,299
1595,40,263
1596,40,232
1597,40,204
1598,40,181
1599,40,211
1600,40,312
1601,40,365
1602,40,443
1603,40,510
1604,40,568
1605,40,621
1606,40,666
1607,40,707
1608,40,742
1609,40,773
1610,40,750
1611,40,655
1612,40,572
1613,40,502
1614,40,440
1615,40,387
1616,40,340
1617,40,300
1618,40,264
1619,40,232
1620,40,205
1621,40,180
1622,40,161
1623,40,254
1624,40,347
1625,40,426
1626,40,495
1627,40,555
1628,40,608
1629,40,655
1630,40,697
1631,40,733
1632,40,766
1633,40,793
1634,40,819
1635,40,785
1636,40,686
1637,40,601
1638,40,527
1639,40,463
1640,40,407
1641,40,357
1642,40,315
1643,40,277
1644,40,245
1645,40,215
1646,40,190
1647,40,173
1648,40,266
1649,40,357
1650,40,435
1651,40,503
1652,40,563
1653,40,615
1654,40,661
1655,40,702
1656,40,738
1657,40,770
1658,40,798
1659,40,823
1660,40,783
1661,40,684
1662,40,600
1663,40,526
1664,40,462
1665,40,406
1666,40,357
1667,40,314
1668,40,277
1669,40,244
1670,40,215
1671,40,189
1672,40,176
1673,40,271
1674,40,360
1675,40,438
1676,40,506
1677,40,566
1678,40,617
1679,40,664
1680,40,704
1681,40,740
1682,40,771
1683,40,799
1684,40,824
1685,40,780
1686,40,681
1687,40,596
1688,40,523
1689,40,459
1690,40,404
1691,40,355
1692,40,313
1693,40,276
1694,40,243
1695,40,214
1696,40,189
1697,40,177
1698,40,274
1699,40,364
1700,40,439
1701,40,480
1702,40,542
1703,40,598
1704,40,646
1705,40,689
1706,40,726
1707,40,759
1708,40,777
1709,40,687
1710,40,598
1711,40,525
1712,40,460
1713,40,405
1714,40,355
1715,40,313
1716,40,275
1717,40,243
1718,40,214
1719,40,188
1720,40,166
1721,40,216
1722,40,313
1723,40,398
1724,40,470
1725,40,534
1726,40,590
1727,40,639
1728,40,682
1729,40,720
1730,40,754
1731,40,784
1732,40,810
1733,40,818
1734,40,721
1735,40,630
1736,40,552
1737,40,485
1738,40,427
1739,40,375
1740,40,330
1741,40,291
1742,40,256
1743,40,226
1744,40,199
1745,40,175
1746,40,229
1747,40,325
1748,40,408
1749,40,479
1750,40,542
1751,40,597
1752,40,645
1753,40,688
1754,40,726
1755,40,759
1756,40,788
1757,40,814
1758,40,818
1759,40,719
1760,40,629
1761,40,552
1762,40,485
1763,40,426
1764,40,374
1765,40,330
1766,40,290
1767,40,256
1768,40,225
1769,40,199
1770,40,175
1771,40,234
1772,40,329
1773,40,411
1774,40,482
1775,40,544
1776,40,599
1777,40,648
1778,40,689
1779,40,727
1780,40,760
1781,40,789
1782,40,815
1783,40,815
1784,40,715
1785,40,626
1786,40,549
1787,40,482
1788,40,424
1789,40,373
1790,40,328
1791,40,289
1792,40,254
1793,40,224
1794,40,197
1795,40,175
1796,40,238
1797,40,333
1798,40,414
1799,40,485
1800,40,540
1801,40,571
1802,40,623
1803,40,669
1804,40,708
1805,40,744
1806,40,775
1807,40,802
1808,40,826
1809,40,848
1810,40,867
1811,40,884
1812,40,899
1813,40,870
1814,40,761
1815,40,668
1816,40,587
1817,40,516
1818,40,454
1819,40,400
1820,40,352
1821,40,310
1822,40,273
1823,40,241
1824,40,212
1825,40,188
1826,40,271
1827,40,361
1828,40,440
1829,40,508
1830,40,567
1831,40,619
1832,40,665
1833,40,705
1834,40,741
1835,40,773
1836,40,800
1837,40,824
1838,40,799
1839,40,699
1840,40,611
1841,40,537
1842,40,471
1843,40,414
1844,40,365
1845,40,321
1846,40,283
1847,40,249
1848,40,220
1849,40,194
1850,40,171
1851,40,260
1852,40,352
1853,40,431
1854,40,500
1855,40,560
1856,40,613
1857,40,660
1858,40,701
1859,40,736
1860,40,768
1861,40,797
1862,40,822
1863,40,792
1864,40,692
1865,40,606
1866,40,531
1867,40,467
1868,40,410
1869,40,361
1870,40,318
1871,40,279
1872,40,247
1873,40,217
1874,40,192
1875,40,172
1876,40,263
1877,40,355
1878,40,432
1879,40,502
1880,40,562
1881,40,614
1882,40,661
1883,40,701
1884,40,737
1885,40,769
1886,40,797
1887,40,822
1888,40,787
1889,40,687
1890,40,603
1891,40,528
1892,40,464
1893,40,408
1894,40,359
1895,40,316
1896,40,278
1897,40,245
1898,40,217
1899,40,190
1900,40,173
1901,40,238
1902,40,333
1903,40,414
1904,40,485
1905,40,546
1906,40,601
1907,40,648
1908,40,691
1909,40,728
1910,40,761
1911,40,784
1912,40,696
1913,40,608
1914,40,532
1915,40,467
1916,40,410
1917,40,360
1918,40,317
1919,40,279
1920,40,246
1921,40,216
1922,40,191
1923,40,169
1924,40,208
1925,40,307
1926,40,392
1927,40,465
1928,40,529
1929,40,586
1930,40,635
1931,40,680
1932,40,718
1933,40,752
1934,40,782
1935,40,808
1936,40,823
1937,40,729
1938,40,636
1939,40,558
1940,40,490
1941,40,431
1942,40,379
1943,40,333
1944,40,293
1945,40,259
1946,40,228
1947,40,201
1948,40,177
1949,40,222
1950,40,318
1951,40,402
1952,40,474
1953,40,538
1954,40,593
1955,40,641
1956,40,685
1957,40,723
1958,40,756
1959,40,786
1960,40,812
1961,40,823
1962,40,727
1963,40,634
1964,40,557
1965,40,489
1966,40,430
1967,40,378
1968,40,333
1969,40,293
1970,40,258
1971,40,227
1972,40,200
1973,40,177
1974,40,225
1975,40,322
1976,40,406
1977,40,477
1978,40,541
1979,40,595
1980,40,644
1981,40,686
1982,40,725
1983,40,758
1984,40,788
1985,40,813
1986,40,820
1987,40,723
1988,40,632
1989,40,554
1990,40,486
1991,40,428
1992,40,376
1993,40,331
1994,40,291
1995,40,257
1996,40,226
1997,40,199
1998,40,176
1999,40,230
2000,40,328
2001,40,380
2002,40,455
2003,40,521
2004,40,579
2005,40,629
2006,40,674
2007,40,713
2008,40,747
2009,40,778
2010,40,731
2011,40,637
2012,40,558
2013,40,489
2014,40,430
2015,40,377
2016,40,332
2017,40,292
2018,40,257
2019,40,227
2020,40,200
2021,40,176
2022,40,173
2023,40,272
2024,40,362
2025,40,438
2026,40,507
2027,40,566
2028,40,618
2029,40,663
2030,40,704
2031,40,740
2032,40,771
2033,40,799
2034,40,823
2035,40,766
2036,40,668
2037,40,585
2038,40,514
2039,40,451
2040,40,397
2041,40,349
2042,40,307
2043,40,271
2044,40,239
2045,40,210
2046,40,186
2047,40,186
2048,40,285
2049,40,373
2050,40,449
2051,40,515
2052,40,573
2053,40,624
2054,40,669
2055,40,710
2056,40,744
2057,40,775
2058,40,802
2059,40,827
2060,40,764
2061,40,668
2062,40,584
2063,40,513
2064,40,451
2065,40,396
2066,40,349
2067,40,307
2068,40,270
2069,40,238
2070,40,210
2071,40,185
2072,40,190
2073,40,288
2074,40,377
2075,40,451
2076,40,519
2077,40,575
2078,40,627
2079,40,672
2080,40,711
2081,40,746
2082,40,777
2083,40,804
2084,40,828
2085,40,759
2086,40,665
2087,40,581
2088,40,511
2089,40,448
2090,40,394
2091,40,347
2092,40,305
2093,40,269
2094,40,237
2095,40,209
2096,40,184
2097,40,193
2098,40,292
2099,40,380
2100,40,451
2101,40,491
2102,40,497
2103,40,432
2104,40,377
2105,40,329
2106,40,288
2107,40,253
2108,40,223
2109,40,196
2110,40,172
2111,40,152
2112,40,134
2113,40,118
2114,40,109
2115,40,208
2116,40,305
2117,40,388
2118,40,461
2119,40,526
2120,40,582
2121,40,632
2122,40,675
2123,40,715
2124,40,748
2125,40,778
2126,40,806
2127,40,770
2128,40,672
2129,40,588
2130,40,515
2131,40,452
2132,40,398
2133,40,350
2134,40,308
2135,40,271
2136,40,239
2137,40,210
2138,40,186
2139,40,170
2140,40,265
2141,40,356
2142,40,435
2143,40,502
2144,40,562
2145,40,615
2146,40,661
2147,40,702
2148,40,738
2149,40,769
2150,40,797
2151,40,822
2152,40,779
2153,40,680
2154,40,596
2155,40,523
2156,40,459
2157,40,404
2158,40,355
2159,40,312
2160,40,275
2161,40,243
2162,40,214
2163,40,189
2164,40,177
2165,40,272
2166,40,363
2167,40,440
2168,40,507
2169,40,566
2170,40,619
2171,40,664
2172,40,705
2173,40,740
2174,40,772
2175,40,799
2176,40,824
2177,40,776
2178,40,678
2179,40,593
2180,40,522
2181,40,458
2182,40,403
2183,40,354
2184,40,312
2185,40,274
2186,40,242
2187,40,213
2188,40,188
2189,40,179
2190,40,277
2191,40,367
2192,40,444
2193,40,510
2194,40,569
2195,40,621
2196,40,666
2197,40,706
2198,40,742
2199,40,773
2200,40,785
2201,40,795
2202,40,821
2203,40,843
2204,40,864
2205,40,881
2206,40,896
2207,40,909
2208,40,922
2209,40,932
2210,40,942
2211,40,950
2212,40,957
2213,40,891
2214,40,779
2215,40,685
2216,40,603
2217,40,530
2218,40,467
2219,40,412
2220,40,363
2221,40,320
2222,40,282
2223,40,250
2224,40,220
2225,40,211
2226,40,307
2227,40,393
2228,40,467
2229,40,531
2230,40,588
2231,40,638
2232,40,682
2233,40,720
2234,40,754
2235,40,784
2236,40,811
2237,40,834
2238,40,777
2239,40,678
2240,40,594
2241,40,522
2242,40,458
2243,40,403
2244,40,355
2245,40,313
2246,40,275
2247,40,243
2248,40,214
2249,40,189
2250,40,188
2251,40,286
2252,40,375
2253,40,450
2254,40,517
2255,40,575
2256,40,626
2257,40,671
2258,40,711
2259,40,745
2260,40,776
2261,40,804
2262,40,828
2263,40,766
2264,40,670
2265,40,586
2266,40,514
2267,40,451
2268,40,397
2269,40,350
2270,40,308
2271,40,271
2272,40,239
2273,40,210
2274,40,186
2275,40,189
2276,40,288
2277,40,376
2278,40,452
2279,40,518
2280,40,576
2281,40,626
2282,40,672
2283,40,711
2284,40,746
2285,40,777
2286,40,804
2287,40,828
2288,40,762
2289,40,665
2290,40,583
2291,40,511
2292,40,449
2293,40,395
2294,40,347
2295,40,306
2296,40,269
2297,40,237
2298,40,210
2299,40,185
2300,40,197
2301,40,263
2302,40,354
2303,40,433
2304,40,501
2305,40,561
2306,40,613
2307,40,660
2308,40,701
2309,40,736
2310,40,769
2311,40,767
2312,40,672
2313,40,588
2314,40,515
2315,40,452
2316,40,397
2317,40,349
2318,40,307
2319,40,270
2320,40,239
2321,40,210
2322,40,185
2323,40,163
2324,40,235
2325,40,330
2326,40,411
2327,40,482
2328,40,545
2329,40,599
2330,40,647
2331,40,690
2332,40,727
2333,40,760
2334,40,789
2335,40,815
2336,40,804
2337,40,704
2338,40,615
2339,40,540
2340,40,475
2341,40,417
2342,40,367
2343,40,323
2344,40,285
2345,40,250
2346,40,221
2347,40,194
2348,40,172
2349,40,247
2350,40,341
2351,40,422
2352,40,491
2353,40,552
2354,40,606
2355,40,653
2356,40,695
2357,40,731
2358,40,764
2359,40,793
2360,40,818
2361,40,802
2362,40,703
2363,40,614
2364,40,539
2365,40,473
2366,40,416
2367,40,366
2368,40,322
2369,40,284
2370,40,250
2371,40,220
2372,40,194
2373,40,172
2374,40,252
2375,40,345
2376,40,425
2377,40,494
2378,40,555
2379,40,608
2380,40,655
2381,40,697
2382,40,733
2383,40,765
2384,40,794
2385,40,819
2386,40,799
2387,40,698
2388,40,611
2389,40,536
2390,40,471
2391,40,414
2392,40,364
2393,40,321
2394,40,283
2395,40,249
2396,40,219
2397,40,193
2398,40,170
2399,40,256
2400,40,349
2401,40,398
2402,40,471
2403,40,521
2404,40,461
2405,40,400
2406,40,350
2407,40,306
2408,40,268
2409,40,236
2410,40,207
2411,40,182
2412,40,161
2413,40,141
2414,40,125
2415,40,110
2416,40,168
2417,40,270
2418,40,359
2419,40,435
2420,40,503
2421,40,561
2422,40,614
2423,40,660
2424,40,700
2425,40,736
2426,40,768
2427,40,796
2428,40,803
2429,40,708
2430,40,618
2431,40,542
2432,40,475
2433,40,418
2434,40,367
2435,40,323
2436,40,285
2437,40,251
2438,40,220
2439,40,195
2440,40,171
2441,40,227
2442,40,323
2443,40,407
2444,40,478
2445,40,541
2446,40,596
2447,40,644
2448,40,686
2449,40,724
2450,40,757
2451,40,787
2452,40,813
2453,40,816
2454,40,716
2455,40,626
2456,40,549
2457,40,482
2458,40,424
2459,40,373
2460,40,328
2461,40,289
2462,40,255
2463,40,224
2464,40,197
2465,40,174
2466,40,235
2467,40,330
2468,40,412
2469,40,483
2470,40,546
2471,40,600
2472,40,648
2473,40,690
2474,40,728
2475,40,760
2476,40,790
2477,40,815
2478,40,813
2479,40,714
2480,40,624
2481,40,548
2482,40,480
2483,40,423
2484,40,371
2485,40,326
2486,40,288
2487,40,254
2488,40,223
2489,40,198
2490,40,174
2491,40,240
2492,40,335
2493,40,416
2494,40,486
2495,40,548
2496,40,602
2497,40,650
2498,40,691
2499,40,729
2500,40,747
2501,40,760
2502,40,703
2503,40,613
2504,40,537
2505,40,471
2506,40,414
2507,40,364
2508,40,320
2509,40,282
2510,40,248
2511,40,218
2512,40,193
2513,40,170
2514,40,178
2515,40,279
2516,40,367
2517,40,444
2518,40,511
2519,40,569
2520,40,620
2521,40,666
2522,40,706
2523,40,741
2524,40,772
2525,40,800
2526,40,825
2527,40,755
2528,40,660
2529,40,578
2530,40,507
2531,40,445
2532,40,392
2533,40,345
2534,40,304
2535,40,267
2536,40,236
2537,40,208
2538,40,183
2539,40,194
2540,40,293
2541,40,380
2542,40,455
2543,40,520
2544,40,578
2545,40,628
2546,40,673
2547,40,713
2548,40,747
2549,40,778
2550,40,805
2551,40,829
2552,40,754
2553,40,658
2554,40,577
2555,40,506
2556,40,445
2557,40,391
2558,40,344
2559,40,303
2560,40,267
2561,40,235
2562,40,207
2563,40,183
2564,40,197
2565,40,298
2566,40,384
2567,40,458
2568,40,523
2569,40,581
2570,40,631
2571,40,675
2572,40,714
2573,40,749
2574,40,779
2575,40,806
2576,40,829
2577,40,750
2578,40,656
2579,40,574
2580,40,505
2581,40,443
2582,40,390
2583,40,343
2584,40,303
2585,40,266
2586,40,234
2587,40,207
2588,40,183
2589,40,202
2590,40,301
2591,40,387
2592,40,462
2593,40,526
2594,40,583
2595,40,633
2596,40,677
2597,40,716
2598,40,751
2599,40,781
2600,40,791
2601,40,800
2602,40,826
2603,40,848
2604,40,867
2605,40,884
2606,40,899
2607,40,912
2608,40,924
2609,40,934
2610,40,944
2611,40,951
2612,40,959
2613,40,868
2614,40,762
2615,40,669
2616,40,589
2617,40,518
2618,40,457
2619,40,402
2620,40,355
2621,40,313
2622,40,276
2623,40,244
2624,40,215
2625,40,228
2626,40,324
2627,40,408
2628,40,480
2629,40,543
2630,40,598
2631,40,647
2632,40,689
2633,40,727
2634,40,760
2635,40,790
2636,40,815
2637,40,838
2638,40,757
2639,40,661
2640,40,580
2641,40,510
2642,40,447
2643,40,394
2644,40,346
2645,40,306
2646,40,269
2647,40,237
2648,40,209
2649,40,185
2650,40,205
2651,40,304
2652,40,390
2653,40,463
2654,40,529
2655,40,585
2656,40,635
2657,40,679
2658,40,717
2659,40,751
2660,40,782
2661,40,809
2662,40,832
2663,40,746
2664,40,652
2665,40,572
2666,40,501
2667,40,441
2668,40,387
2669,40,342
2670,40,300
2671,40,265
2672,40,234
2673,40,206
2674,40,182
2675,40,208
2676,40,306
2677,40,391
2678,40,465
2679,40,530
2680,40,586
2681,40,636
2682,40,680
2683,40,718
2684,40,752
2685,40,782
2686,40,809
2687,40,830
2688,40,742
2689,40,649
2690,40,568
2691,40,500
2692,40,438
2693,40,386
2694,40,339
2695,40,299
2696,40,263
2697,40,232
2698,40,204
2699,40,180
2700,40,218
2701,40,281
2702,40,370
2703,40,446
2704,40,513
2705,40,571
2706,40,623
2707,40,668
2708,40,708
2709,40,743
2710,40,774
2711,40,758
2712,40,662
2713,40,579
2714,40,507
2715,40,445
2716,40,391
2717,40,344
2718,40,303
2719,40,267
2720,40,235
2721,40,208
2722,40,183
2723,40,161
2724,40,249
2725,40,340
2726,40,421
2727,40,491
2728,40,552
2729,40,606
2730,40,653
2731,40,695
2732,40,731
2733,40,764
2734,40,792
2735,40,818
2736,40,792
2737,40,692
2738,40,606
2739,40,531
2740,40,466
2741,40,411
2742,40,360
2743,40,317
2744,40,279
2745,40,247
2746,40,217
2747,40,192
2748,40,170
2749,40,260
2750,40,352
2751,40,431
2752,40,499